0	Leonard	Jackson	LeonardJackson@smoothstack.com
1	Rita	Brown	RitaBrown@smoothstack.com
2	Luis	Vaughn	LuisVaughn@smoothstack.com
3	Lindsey	Perry	LindseyPerry@smoothstack.com
4	Felicia	Lopez	FeliciaLopez@smoothstack.com
5	Wendy	Mason	WendyMason@smoothstack.com
6	Donna	Davis	DonnaDavis@smoothstack.com
8	Daniel	Navarro	DanielNavarro@smoothstack.com
7	Eric	Bishop	EricBishop@smoothstack.com
9	Travis	Simon	TravisSimon@smoothstack.com
13	Diane	Oliver	DianeOliver@smoothstack.com
10	Stephanie	Powell	StephaniePowell@smoothstack.com
11	Russell	Clark	RussellClark@smoothstack.com
12	Tasha	Sanchez	TashaSanchez@smoothstack.com
14	John	Frank	JohnFrank@smoothstack.com
15	Julie	Mason	JulieMason@smoothstack.com
16	John	Williams	JohnWilliams@smoothstack.com
17	Cory	Beard	CoryBeard@smoothstack.com
17	Carrie	Coleman	CarrieColeman@smoothstack.com
18	William	Miller	WilliamMiller@smoothstack.com
19	Ian	Mcdowell	IanMcdowell@smoothstack.com
18	Bryan	Hernandez	BryanHernandez@smoothstack.com
20	Misty	Lee	MistyLee@smoothstack.com
21	Pamela	Waters	PamelaWaters@smoothstack.com
22	Kevin	Harris	KevinHarris@smoothstack.com
23	Wanda	Rodriguez	WandaRodriguez@smoothstack.com
25	Cynthia	Williams	CynthiaWilliams@smoothstack.com
24	Nathan	Palmer	NathanPalmer@smoothstack.com
25	Aaron	Castro	AaronCastro@smoothstack.com
26	Diane	Rasmussen	DianeRasmussen@smoothstack.com
27	Jeffrey	Pham	JeffreyPham@smoothstack.com
28	Lisa	Williams	LisaWilliams@smoothstack.com
27	Denise	Stevens	DeniseStevens@smoothstack.com
29	Tony	Perez	TonyPerez@smoothstack.com
30	Austin	Ali	AustinAli@smoothstack.com
31	Laura	Golden	LauraGolden@smoothstack.com
32	Michelle	Vasquez	MichelleVasquez@smoothstack.com
33	John	Pearson	JohnPearson@smoothstack.com
34	James	Peterson	JamesPeterson@smoothstack.com
35	Cassandra	Munoz	CassandraMunoz@smoothstack.com
36	Sarah	Davis	SarahDavis@smoothstack.com
37	Shawn	Bennett	ShawnBennett@smoothstack.com
38	Nancy	Robertson	NancyRobertson@smoothstack.com
39	Mark	Fisher	MarkFisher@smoothstack.com
40	Erica	Robinson	EricaRobinson@smoothstack.com
41	William	Sims	WilliamSims@smoothstack.com
42	Amy	Reyes	AmyReyes@smoothstack.com
43	Makayla	Gregory	MakaylaGregory@smoothstack.com
42	Reginald	Everett	ReginaldEverett@smoothstack.com
44	Elizabeth	Burns	ElizabethBurns@smoothstack.com
45	Aaron	Anderson	AaronAnderson@smoothstack.com
46	Sherry	Barnes	SherryBarnes@smoothstack.com
47	James	Clark	JamesClark@smoothstack.com
48	Brett	Martinez	BrettMartinez@smoothstack.com
49	Albert	Johnson	AlbertJohnson@smoothstack.com
50	Karl	Martinez	KarlMartinez@smoothstack.com
51	Andrew	Perry	AndrewPerry@smoothstack.com
52	Teresa	Mcintosh	TeresaMcintosh@smoothstack.com
53	Vanessa	Rodriguez	VanessaRodriguez@smoothstack.com
54	Katelyn	Jones	KatelynJones@smoothstack.com
53	Scott	Martin	ScottMartin@smoothstack.com
55	Kristen	Burton	KristenBurton@smoothstack.com
57	Eric	Moyer	EricMoyer@smoothstack.com
58	Gregory	Smith	GregorySmith@smoothstack.com
56	Stephanie	Miller	StephanieMiller@smoothstack.com
59	Sandy	Gonzalez	SandyGonzalez@smoothstack.com
60	Heather	Johnson	HeatherJohnson@smoothstack.com
61	Victoria	Rowland	VictoriaRowland@smoothstack.com
62	Ronald	Brown	RonaldBrown@smoothstack.com
63	Charles	Gray	CharlesGray@smoothstack.com
64	Sean	May	SeanMay@smoothstack.com
65	Emily	White	EmilyWhite@smoothstack.com
66	Richard	Morrow	RichardMorrow@smoothstack.com
67	Tina	Miller	TinaMiller@smoothstack.com
68	Stephen	Baker	StephenBaker@smoothstack.com
69	Amanda	Wilson	AmandaWilson@smoothstack.com
70	Jessica	Holmes	JessicaHolmes@smoothstack.com
71	Elizabeth	Carr	ElizabethCarr@smoothstack.com
73	John	Perez	JohnPerez@smoothstack.com
72	Claire	Mathews	ClaireMathews@smoothstack.com
73	Colton	Gonzales	ColtonGonzales@smoothstack.com
74	Natasha	Burns	NatashaBurns@smoothstack.com
75	Nicholas	Park	NicholasPark@smoothstack.com
76	Andrew	Garcia	AndrewGarcia@smoothstack.com
77	James	Palmer	JamesPalmer@smoothstack.com
78	Kristen	Kidd	KristenKidd@smoothstack.com
79	Abigail	Morgan	AbigailMorgan@smoothstack.com
80	Stephanie	Brown	StephanieBrown@smoothstack.com
81	Amanda	Fuller	AmandaFuller@smoothstack.com
82	Ryan	Mejia	RyanMejia@smoothstack.com
81	Catherine	Tran	CatherineTran@smoothstack.com
83	Alison	Knapp	AlisonKnapp@smoothstack.com
84	John	Cooper	JohnCooper@smoothstack.com
85	Maria	Tucker	MariaTucker@smoothstack.com
86	Elijah	Harmon	ElijahHarmon@smoothstack.com
87	Erik	Hoffman	ErikHoffman@smoothstack.com
89	Nicole	Trevino	NicoleTrevino@smoothstack.com
88	Joshua	Clark	JoshuaClark@smoothstack.com
91	Andrew	Joseph	AndrewJoseph@smoothstack.com
90	Maria	Burgess	MariaBurgess@smoothstack.com
92	Kimberly	Rivera	KimberlyRivera@smoothstack.com
94	Mark	Tanner	MarkTanner@smoothstack.com
93	James	Kim	JamesKim@smoothstack.com
95	Tammy	Hernandez	TammyHernandez@smoothstack.com
96	Cameron	Dixon	CameronDixon@smoothstack.com
97	Chad	Fernandez	ChadFernandez@smoothstack.com
98	Christopher	Howard	ChristopherHoward@smoothstack.com
99	Samuel	Gibson	SamuelGibson@smoothstack.com
100	Rhonda	Carter	RhondaCarter@smoothstack.com
101	Lindsay	Brooks	LindsayBrooks@smoothstack.com
102	Gene	Henry	GeneHenry@smoothstack.com
103	Catherine	Martinez	CatherineMartinez@smoothstack.com
104	Lucas	Woods	LucasWoods@smoothstack.com
105	Lee	Rodriguez	LeeRodriguez@smoothstack.com
106	Scott	Santiago	ScottSantiago@smoothstack.com
107	Tommy	Stewart	TommyStewart@smoothstack.com
108	Kyle	Ibarra	KyleIbarra@smoothstack.com
109	Jon	Ryan	JonRyan@smoothstack.com
110	Bruce	Smith	BruceSmith@smoothstack.com
111	Jeffrey	Moore	JeffreyMoore@smoothstack.com
112	Elizabeth	Jennings	ElizabethJennings@smoothstack.com
113	Cody	Cortez	CodyCortez@smoothstack.com
114	Shawna	Conner	ShawnaConner@smoothstack.com
116	Susan	Mcconnell	SusanMcconnell@smoothstack.com
114	Steven	Moyer	StevenMoyer@smoothstack.com
115	Kathleen	Carr	KathleenCarr@smoothstack.com
117	Bradley	Best	BradleyBest@smoothstack.com
118	Richard	Jones	RichardJones@smoothstack.com
119	Rick	Romero	RickRomero@smoothstack.com
120	Joe	Davidson	JoeDavidson@smoothstack.com
121	Justin	Bauer	JustinBauer@smoothstack.com
122	Ryan	Powell	RyanPowell@smoothstack.com
123	Kristen	Rangel	KristenRangel@smoothstack.com
124	Brian	Barry	BrianBarry@smoothstack.com
125	Amanda	Smith	AmandaSmith@smoothstack.com
126	Sylvia	Gonzalez	SylviaGonzalez@smoothstack.com
127	Alisha	Dixon	AlishaDixon@smoothstack.com
128	Toni	Vargas	ToniVargas@smoothstack.com
129	Brad	David	BradDavid@smoothstack.com
130	Walter	Howard	WalterHoward@smoothstack.com
131	Edward	Moore	EdwardMoore@smoothstack.com
132	Melinda	Wilson	MelindaWilson@smoothstack.com
133	Eduardo	Smith	EduardoSmith@smoothstack.com
134	Jeffrey	Woods	JeffreyWoods@smoothstack.com
135	James	Craig	JamesCraig@smoothstack.com
134	Gary	Carrillo	GaryCarrillo@smoothstack.com
136	Janet	Nicholson	JanetNicholson@smoothstack.com
137	Tracy	Taylor	TracyTaylor@smoothstack.com
138	Jonathan	Jones	JonathanJones@smoothstack.com
139	Erik	Clayton	ErikClayton@smoothstack.com
140	Christopher	Livingston	ChristopherLivingston@smoothstack.com
141	Amy	Butler	AmyButler@smoothstack.com
142	David	Washington	DavidWashington@smoothstack.com
143	Brenda	Gordon	BrendaGordon@smoothstack.com
144	Steven	Rivera	StevenRivera@smoothstack.com
145	Gregory	Patel	GregoryPatel@smoothstack.com
146	Monica	Hardy	MonicaHardy@smoothstack.com
147	Meagan	Garcia	MeaganGarcia@smoothstack.com
148	Jeanette	Salinas	JeanetteSalinas@smoothstack.com
149	Lindsey	Velasquez	LindseyVelasquez@smoothstack.com
150	Jason	Charles	JasonCharles@smoothstack.com
151	Lisa	Ramirez	LisaRamirez@smoothstack.com
155	David	Knight	DavidKnight@smoothstack.com
152	Adrian	Henry	AdrianHenry@smoothstack.com
153	Monica	Thompson	MonicaThompson@smoothstack.com
154	Jenna	Martinez	JennaMartinez@smoothstack.com
156	Matthew	Martin	MatthewMartin@smoothstack.com
157	Robert	Williams	RobertWilliams@smoothstack.com
157	Christopher	Bond	ChristopherBond@smoothstack.com
158	Heather	Hoffman	HeatherHoffman@smoothstack.com
159	Todd	Chaney	ToddChaney@smoothstack.com
160	Aaron	Kaiser	AaronKaiser@smoothstack.com
161	Mary	Nicholson	MaryNicholson@smoothstack.com
162	Norma	Chandler	NormaChandler@smoothstack.com
163	Emily	Wolf	EmilyWolf@smoothstack.com
165	Paula	Watkins	PaulaWatkins@smoothstack.com
164	Peter	Rodriguez	PeterRodriguez@smoothstack.com
165	Alex	Gonzalez	AlexGonzalez@smoothstack.com
166	Eric	Lewis	EricLewis@smoothstack.com
167	Gregory	Farrell	GregoryFarrell@smoothstack.com
168	Victor	Lewis	VictorLewis@smoothstack.com
169	James	Jones	JamesJones@smoothstack.com
170	Patricia	Burke	PatriciaBurke@smoothstack.com
171	Edward	Spencer	EdwardSpencer@smoothstack.com
172	Kathryn	Mccormick	KathrynMccormick@smoothstack.com
175	Cassandra	Ross	CassandraRoss@smoothstack.com
173	Wayne	Porter	WaynePorter@smoothstack.com
174	Steven	Hall	StevenHall@smoothstack.com
176	Eric	Johnson	EricJohnson@smoothstack.com
177	Jennifer	Green	JenniferGreen@smoothstack.com
178	Samantha	Owens	SamanthaOwens@smoothstack.com
179	Amy	Kramer	AmyKramer@smoothstack.com
180	Melissa	Stark	MelissaStark@smoothstack.com
181	Anthony	Rice	AnthonyRice@smoothstack.com
182	Sydney	Cole	SydneyCole@smoothstack.com
183	Danny	Weber	DannyWeber@smoothstack.com
184	Joseph	Carter	JosephCarter@smoothstack.com
185	Zachary	Lane	ZacharyLane@smoothstack.com
186	Christopher	Mclaughlin	ChristopherMclaughlin@smoothstack.com
186	Kyle	Bryan	KyleBryan@smoothstack.com
187	Jerry	Rose	JerryRose@smoothstack.com
188	Adrienne	Davis	AdrienneDavis@smoothstack.com
189	Amber	Johnson	AmberJohnson@smoothstack.com
190	Gavin	Glover	GavinGlover@smoothstack.com
191	Renee	Guzman	ReneeGuzman@smoothstack.com
192	Brenda	Ray	BrendaRay@smoothstack.com
193	Gabriel	Rodriguez	GabrielRodriguez@smoothstack.com
194	Amanda	Walker	AmandaWalker@smoothstack.com
195	Allen	Collins	AllenCollins@smoothstack.com
196	Theresa	Dudley	TheresaDudley@smoothstack.com
195	Jessica	Osborn	JessicaOsborn@smoothstack.com
197	Donna	Walker	DonnaWalker@smoothstack.com
199	Paul	Sanders	PaulSanders@smoothstack.com
198	Sheri	Jenkins	SheriJenkins@smoothstack.com
200	Ashley	King	AshleyKing@smoothstack.com
201	Scott	Collins	ScottCollins@smoothstack.com
202	Nathan	Fisher	NathanFisher@smoothstack.com
204	Donna	Hoffman	DonnaHoffman@smoothstack.com
203	Peter	Walsh	PeterWalsh@smoothstack.com
205	Joshua	Gutierrez	JoshuaGutierrez@smoothstack.com
206	Linda	Greene	LindaGreene@smoothstack.com
207	Teresa	Carter	TeresaCarter@smoothstack.com
208	Michael	Nelson	MichaelNelson@smoothstack.com
209	Alicia	Robinson	AliciaRobinson@smoothstack.com
210	Natasha	Anderson	NatashaAnderson@smoothstack.com
211	Richard	Evans	RichardEvans@smoothstack.com
212	Kim	Anderson	KimAnderson@smoothstack.com
213	Dylan	Kaufman	DylanKaufman@smoothstack.com
214	Nancy	Smith	NancySmith@smoothstack.com
215	Meghan	Irwin	MeghanIrwin@smoothstack.com
217	Amber	Davis	AmberDavis@smoothstack.com
216	Joanna	Cannon	JoannaCannon@smoothstack.com
218	Manuel	Williams	ManuelWilliams@smoothstack.com
219	Jenny	Smith	JennySmith@smoothstack.com
220	Thomas	Vasquez	ThomasVasquez@smoothstack.com
221	Kelly	Williams	KellyWilliams@smoothstack.com
222	James	Bryan	JamesBryan@smoothstack.com
223	Lance	Wilson	LanceWilson@smoothstack.com
225	Claire	Hartman	ClaireHartman@smoothstack.com
224	Kyle	Fitzgerald	KyleFitzgerald@smoothstack.com
226	Lee	Schneider	LeeSchneider@smoothstack.com
227	Chad	Russo	ChadRusso@smoothstack.com
228	Patrick	Bartlett	PatrickBartlett@smoothstack.com
229	James	Schmidt	JamesSchmidt@smoothstack.com
230	Paul	Hawkins	PaulHawkins@smoothstack.com
231	Joseph	Martin	JosephMartin@smoothstack.com
232	Michelle	Valencia	MichelleValencia@smoothstack.com
233	Sarah	Rodriguez	SarahRodriguez@smoothstack.com
234	Paul	Smith	PaulSmith@smoothstack.com
235	Michelle	Williams	MichelleWilliams@smoothstack.com
236	Christopher	Patterson	ChristopherPatterson@smoothstack.com
238	Derek	English	DerekEnglish@smoothstack.com
237	Anthony	Rowe	AnthonyRowe@smoothstack.com
239	George	Rush	GeorgeRush@smoothstack.com
240	Elizabeth	Lara	ElizabethLara@smoothstack.com
241	Robert	Patton	RobertPatton@smoothstack.com
242	Stephen	Schmitt	StephenSchmitt@smoothstack.com
243	Joyce	Richardson	JoyceRichardson@smoothstack.com
244	Amanda	Brown	AmandaBrown@smoothstack.com
245	Ashlee	Vang	AshleeVang@smoothstack.com
246	Dominique	Alvarado	DominiqueAlvarado@smoothstack.com
247	Rachel	Brown	RachelBrown@smoothstack.com
248	Jacqueline	Bailey	JacquelineBailey@smoothstack.com
249	Randy	Chavez	RandyChavez@smoothstack.com
250	Jasmine	White	JasmineWhite@smoothstack.com
251	Tony	Martinez	TonyMartinez@smoothstack.com
252	Tammy	Hall	TammyHall@smoothstack.com
253	Eric	Johnson	EricJohnson@smoothstack.com
254	Michael	Norris	MichaelNorris@smoothstack.com
255	Jennifer	Benitez	JenniferBenitez@smoothstack.com
256	Jake	Zhang	JakeZhang@smoothstack.com
257	Michael	Freeman	MichaelFreeman@smoothstack.com
258	Katie	Davidson	KatieDavidson@smoothstack.com
259	Thomas	Martinez	ThomasMartinez@smoothstack.com
260	Sharon	Olson	SharonOlson@smoothstack.com
261	Michelle	Griffin	MichelleGriffin@smoothstack.com
262	Kristi	Rose	KristiRose@smoothstack.com
263	John	Lindsey	JohnLindsey@smoothstack.com
264	Katie	Kelly	KatieKelly@smoothstack.com
265	Tammy	Lewis	TammyLewis@smoothstack.com
266	Gabrielle	Perez	GabriellePerez@smoothstack.com
265	William	Sutton	WilliamSutton@smoothstack.com
267	Autumn	Salinas	AutumnSalinas@smoothstack.com
268	Shane	Hall	ShaneHall@smoothstack.com
269	Rhonda	Pham	RhondaPham@smoothstack.com
271	Claire	Barber	ClaireBarber@smoothstack.com
270	Miguel	Klein	MiguelKlein@smoothstack.com
272	Philip	Thompson	PhilipThompson@smoothstack.com
273	Michelle	Wood	MichelleWood@smoothstack.com
275	Daniel	Smith	DanielSmith@smoothstack.com
274	Ian	Tucker	IanTucker@smoothstack.com
275	Jamie	Johnson	JamieJohnson@smoothstack.com
276	Charles	Palmer	CharlesPalmer@smoothstack.com
278	Andrew	Guzman	AndrewGuzman@smoothstack.com
277	Lauren	Peterson	LaurenPeterson@smoothstack.com
279	Lisa	Baker	LisaBaker@smoothstack.com
280	Wanda	Anderson	WandaAnderson@smoothstack.com
281	Kevin	Roberts	KevinRoberts@smoothstack.com
282	Kimberly	Watson	KimberlyWatson@smoothstack.com
283	Ashley	Weaver	AshleyWeaver@smoothstack.com
285	Ebony	Ramos	EbonyRamos@smoothstack.com
284	Stacey	Perry	StaceyPerry@smoothstack.com
286	Jennifer	Mccormick	JenniferMccormick@smoothstack.com
287	Ann	Davidson	AnnDavidson@smoothstack.com
286	Douglas	Ramirez	DouglasRamirez@smoothstack.com
288	Robert	Johnson	RobertJohnson@smoothstack.com
289	Isaac	Glenn	IsaacGlenn@smoothstack.com
290	Roy	Adams	RoyAdams@smoothstack.com
291	Joseph	Dominguez	JosephDominguez@smoothstack.com
292	Wesley	Martinez	WesleyMartinez@smoothstack.com
293	Matthew	Marsh	MatthewMarsh@smoothstack.com
294	Amber	Green	AmberGreen@smoothstack.com
293	Richard	Jackson	RichardJackson@smoothstack.com
295	Andrew	Santiago	AndrewSantiago@smoothstack.com
296	Charles	Smith	CharlesSmith@smoothstack.com
297	Clayton	Mcguire	ClaytonMcguire@smoothstack.com
298	William	Smith	WilliamSmith@smoothstack.com
299	Regina	Barnes	ReginaBarnes@smoothstack.com
300	Katie	Huynh	KatieHuynh@smoothstack.com
301	Charles	Fernandez	CharlesFernandez@smoothstack.com
300	Danielle	White	DanielleWhite@smoothstack.com
302	Terrence	Young	TerrenceYoung@smoothstack.com
304	Megan	Pacheco	MeganPacheco@smoothstack.com
303	Ryan	Jackson	RyanJackson@smoothstack.com
305	Eric	Green	EricGreen@smoothstack.com
307	Kevin	Melendez	KevinMelendez@smoothstack.com
306	Ryan	Galvan	RyanGalvan@smoothstack.com
308	Logan	Anderson	LoganAnderson@smoothstack.com
309	Emily	Cantrell	EmilyCantrell@smoothstack.com
310	Erika	Cain	ErikaCain@smoothstack.com
311	Patrick	Martinez	PatrickMartinez@smoothstack.com
312	Justin	Gibson	JustinGibson@smoothstack.com
313	Joe	Sims	JoeSims@smoothstack.com
314	Lauren	Anderson	LaurenAnderson@smoothstack.com
315	Christian	Perez	ChristianPerez@smoothstack.com
316	Kevin	Walsh	KevinWalsh@smoothstack.com
317	Thomas	Herman	ThomasHerman@smoothstack.com
318	Stephen	Sanchez	StephenSanchez@smoothstack.com
319	Glen	Lowe	GlenLowe@smoothstack.com
318	Nathan	Sullivan	NathanSullivan@smoothstack.com
320	Taylor	Sutton	TaylorSutton@smoothstack.com
321	Barbara	Davis	BarbaraDavis@smoothstack.com
322	Tiffany	Jenkins	TiffanyJenkins@smoothstack.com
323	John	Boyd	JohnBoyd@smoothstack.com
323	Melinda	Green	MelindaGreen@smoothstack.com
324	Sherry	Valdez	SherryValdez@smoothstack.com
325	Jesse	Myers	JesseMyers@smoothstack.com
326	Andrea	Mejia	AndreaMejia@smoothstack.com
327	Hannah	Villegas	HannahVillegas@smoothstack.com
328	Steven	Duncan	StevenDuncan@smoothstack.com
329	Stephanie	Patterson	StephaniePatterson@smoothstack.com
328	Steven	Gonzales	StevenGonzales@smoothstack.com
330	Michael	Jones	MichaelJones@smoothstack.com
331	Michael	Heath	MichaelHeath@smoothstack.com
332	Frank	Cowan	FrankCowan@smoothstack.com
333	Elizabeth	Brown	ElizabethBrown@smoothstack.com
335	Rebecca	Baker	RebeccaBaker@smoothstack.com
336	Wesley	Perez	WesleyPerez@smoothstack.com
334	Douglas	Sheppard	DouglasSheppard@smoothstack.com
337	Pamela	Mcdaniel	PamelaMcdaniel@smoothstack.com
338	John	Shah	JohnShah@smoothstack.com
339	Wendy	Brennan	WendyBrennan@smoothstack.com
340	Rachel	Beltran	RachelBeltran@smoothstack.com
341	David	Durham	DavidDurham@smoothstack.com
342	Kevin	Vargas	KevinVargas@smoothstack.com
343	Ariel	Collins	ArielCollins@smoothstack.com
344	Sharon	Dickson	SharonDickson@smoothstack.com
345	Steven	Peters	StevenPeters@smoothstack.com
346	Jonathan	Owens	JonathanOwens@smoothstack.com
347	Gregory	Butler	GregoryButler@smoothstack.com
348	Kathleen	Gomez	KathleenGomez@smoothstack.com
349	Karen	Mills	KarenMills@smoothstack.com
350	Samantha	Krause	SamanthaKrause@smoothstack.com
352	Melissa	Castillo	MelissaCastillo@smoothstack.com
351	Collin	Lee	CollinLee@smoothstack.com
353	Nancy	Shepherd	NancyShepherd@smoothstack.com
354	Amanda	Murphy	AmandaMurphy@smoothstack.com
355	Leslie	Simon	LeslieSimon@smoothstack.com
356	Timothy	Barry	TimothyBarry@smoothstack.com
357	Martin	Ward	MartinWard@smoothstack.com
358	Brittany	Campos	BrittanyCampos@smoothstack.com
359	Michelle	Pena	MichellePena@smoothstack.com
360	Pamela	Griffith	PamelaGriffith@smoothstack.com
361	Caleb	Byrd	CalebByrd@smoothstack.com
362	Kimberly	Fisher	KimberlyFisher@smoothstack.com
365	William	Moore	WilliamMoore@smoothstack.com
363	Martha	Lawrence	MarthaLawrence@smoothstack.com
364	Michael	Kelly	MichaelKelly@smoothstack.com
366	Justin	Powell	JustinPowell@smoothstack.com
367	Mary	Lopez	MaryLopez@smoothstack.com
368	Matthew	Tate	MatthewTate@smoothstack.com
369	Christopher	Newton	ChristopherNewton@smoothstack.com
370	Daniel	Wilson	DanielWilson@smoothstack.com
371	Kenneth	Oneill	KennethOneill@smoothstack.com
370	Richard	Buck	RichardBuck@smoothstack.com
372	Tanya	Howard	TanyaHoward@smoothstack.com
373	William	Myers	WilliamMyers@smoothstack.com
374	Manuel	Jensen	ManuelJensen@smoothstack.com
375	Donna	Ramirez	DonnaRamirez@smoothstack.com
374	Ashley	Warren	AshleyWarren@smoothstack.com
376	Mindy	Turner	MindyTurner@smoothstack.com
377	Anne	Taylor	AnneTaylor@smoothstack.com
381	Jeffrey	Robinson	JeffreyRobinson@smoothstack.com
378	Christopher	Cobb	ChristopherCobb@smoothstack.com
379	Andrew	Duran	AndrewDuran@smoothstack.com
380	Michael	Bryant	MichaelBryant@smoothstack.com
382	Natasha	Snow	NatashaSnow@smoothstack.com
383	Chase	Lucas	ChaseLucas@smoothstack.com
384	George	Harmon	GeorgeHarmon@smoothstack.com
385	Maria	Barnes	MariaBarnes@smoothstack.com
386	Samuel	Anderson	SamuelAnderson@smoothstack.com
387	Scott	Moore	ScottMoore@smoothstack.com
389	Samantha	Ross	SamanthaRoss@smoothstack.com
390	Steve	Harris	SteveHarris@smoothstack.com
388	Margaret	Castillo	MargaretCastillo@smoothstack.com
390	Richard	Spencer	RichardSpencer@smoothstack.com
391	Tricia	Ross	TriciaRoss@smoothstack.com
392	James	Turner	JamesTurner@smoothstack.com
393	Veronica	Hopkins	VeronicaHopkins@smoothstack.com
394	Teresa	Mccarthy	TeresaMccarthy@smoothstack.com
395	Larry	James	LarryJames@smoothstack.com
396	Kimberly	Wilson	KimberlyWilson@smoothstack.com
398	Alex	Hayes	AlexHayes@smoothstack.com
397	Shawn	Dunn	ShawnDunn@smoothstack.com
399	Teresa	Oconnell	TeresaOconnell@smoothstack.com
400	Jacob	Barker	JacobBarker@smoothstack.com
401	Rachel	Fields	RachelFields@smoothstack.com
402	Richard	Thompson	RichardThompson@smoothstack.com
403	Mark	Gardner	MarkGardner@smoothstack.com
404	Matthew	Thomas	MatthewThomas@smoothstack.com
405	Joshua	Olson	JoshuaOlson@smoothstack.com
406	Joseph	Weeks	JosephWeeks@smoothstack.com
407	Wesley	Ballard	WesleyBallard@smoothstack.com
408	Michael	Washington	MichaelWashington@smoothstack.com
409	Jessica	Ford	JessicaFord@smoothstack.com
410	Jeremy	Perez	JeremyPerez@smoothstack.com
410	Amanda	George	AmandaGeorge@smoothstack.com
411	Michael	Hughes	MichaelHughes@smoothstack.com
412	Lauren	Choi	LaurenChoi@smoothstack.com
413	William	Garcia	WilliamGarcia@smoothstack.com
414	Theodore	Frazier	TheodoreFrazier@smoothstack.com
416	Stacey	Gilbert	StaceyGilbert@smoothstack.com
415	Diana	Cunningham	DianaCunningham@smoothstack.com
417	Carl	Davis	CarlDavis@smoothstack.com
418	Ashley	Cruz	AshleyCruz@smoothstack.com
419	Megan	Glenn	MeganGlenn@smoothstack.com
420	Mark	Thomas	MarkThomas@smoothstack.com
421	Glenn	Flynn	GlennFlynn@smoothstack.com
423	Sara	Fernandez	SaraFernandez@smoothstack.com
422	Jacqueline	Taylor	JacquelineTaylor@smoothstack.com
424	Natasha	Edwards	NatashaEdwards@smoothstack.com
425	Amy	Brock	AmyBrock@smoothstack.com
426	Tony	Powell	TonyPowell@smoothstack.com
427	Kimberly	Carter	KimberlyCarter@smoothstack.com
426	Katherine	Lam	KatherineLam@smoothstack.com
428	Anna	Carlson	AnnaCarlson@smoothstack.com
428	Angela	Stephens	AngelaStephens@smoothstack.com
429	James	Moreno	JamesMoreno@smoothstack.com
430	Theresa	Nash	TheresaNash@smoothstack.com
431	Susan	Ryan	SusanRyan@smoothstack.com
432	Patty	Elliott	PattyElliott@smoothstack.com
431	Lisa	Kim	LisaKim@smoothstack.com
433	Greg	Carroll	GregCarroll@smoothstack.com
434	Jacob	Moore	JacobMoore@smoothstack.com
435	Christopher	Lewis	ChristopherLewis@smoothstack.com
436	Mario	Yates	MarioYates@smoothstack.com
437	John	Ross	JohnRoss@smoothstack.com
438	Angela	Anderson	AngelaAnderson@smoothstack.com
438	Gloria	Johnson	GloriaJohnson@smoothstack.com
439	Michael	Olson	MichaelOlson@smoothstack.com
440	Jimmy	Martinez	JimmyMartinez@smoothstack.com
441	Jill	Martin	JillMartin@smoothstack.com
442	Brandi	Cox	BrandiCox@smoothstack.com
443	Julie	Scott	JulieScott@smoothstack.com
444	Jackie	Munoz	JackieMunoz@smoothstack.com
443	Jennifer	Medina	JenniferMedina@smoothstack.com
445	Robert	Miller	RobertMiller@smoothstack.com
446	Joseph	Hodge	JosephHodge@smoothstack.com
448	Debbie	Perkins	DebbiePerkins@smoothstack.com
447	Christopher	Phillips	ChristopherPhillips@smoothstack.com
449	Matthew	Beck	MatthewBeck@smoothstack.com
450	Ronald	Murphy	RonaldMurphy@smoothstack.com
451	Vanessa	Garcia	VanessaGarcia@smoothstack.com
452	Jane	Caldwell	JaneCaldwell@smoothstack.com
453	Danielle	Collins	DanielleCollins@smoothstack.com
454	Laura	Bridges	LauraBridges@smoothstack.com
456	Jeffery	Kelly	JefferyKelly@smoothstack.com
455	Jillian	Martinez	JillianMartinez@smoothstack.com
458	Kelly	Mcmahon	KellyMcmahon@smoothstack.com
457	John	Roy	JohnRoy@smoothstack.com
459	Matthew	Reyes	MatthewReyes@smoothstack.com
460	Elizabeth	Mcdaniel	ElizabethMcdaniel@smoothstack.com
461	Emily	Moran	EmilyMoran@smoothstack.com
462	Sarah	Ho	SarahHo@smoothstack.com
463	Elizabeth	Stewart	ElizabethStewart@smoothstack.com
464	Chase	Henderson	ChaseHenderson@smoothstack.com
465	George	Lopez	GeorgeLopez@smoothstack.com
466	Kimberly	Kelly	KimberlyKelly@smoothstack.com
470	Mark	Davis	MarkDavis@smoothstack.com
467	Billy	Green	BillyGreen@smoothstack.com
468	Michael	Williams	MichaelWilliams@smoothstack.com
469	Michael	Mendoza	MichaelMendoza@smoothstack.com
471	Billy	Johnson	BillyJohnson@smoothstack.com
472	Ricardo	Harris	RicardoHarris@smoothstack.com
473	James	Jordan	JamesJordan@smoothstack.com
474	Kimberly	Meza	KimberlyMeza@smoothstack.com
475	Robert	Martinez	RobertMartinez@smoothstack.com
476	Marissa	Rogers	MarissaRogers@smoothstack.com
477	Melinda	Ellis	MelindaEllis@smoothstack.com
478	David	Washington	DavidWashington@smoothstack.com
479	Christopher	Hamilton	ChristopherHamilton@smoothstack.com
478	Nicholas	Carlson	NicholasCarlson@smoothstack.com
480	Alexander	Saunders	AlexanderSaunders@smoothstack.com
481	Lydia	Hernandez	LydiaHernandez@smoothstack.com
482	Kimberly	Bailey	KimberlyBailey@smoothstack.com
483	Jennifer	Knight	JenniferKnight@smoothstack.com
484	Michael	Lopez	MichaelLopez@smoothstack.com
485	Angela	Ellis	AngelaEllis@smoothstack.com
486	Katie	Rivera	KatieRivera@smoothstack.com
487	Wendy	Olsen	WendyOlsen@smoothstack.com
488	Gary	Trevino	GaryTrevino@smoothstack.com
489	Yvonne	Williams	YvonneWilliams@smoothstack.com
490	Randall	Gutierrez	RandallGutierrez@smoothstack.com
491	Antonio	Martin	AntonioMartin@smoothstack.com
492	Charles	Daniels	CharlesDaniels@smoothstack.com
493	Robert	Rodriguez	RobertRodriguez@smoothstack.com
494	Lonnie	Howard	LonnieHoward@smoothstack.com
495	Timothy	Mitchell	TimothyMitchell@smoothstack.com
496	Kristin	Howard	KristinHoward@smoothstack.com
497	Craig	Barker	CraigBarker@smoothstack.com
498	Andres	Bush	AndresBush@smoothstack.com
499	Hannah	Duncan	HannahDuncan@smoothstack.com
500	Brittney	Gonzales	BrittneyGonzales@smoothstack.com
501	Kelly	Dominguez	KellyDominguez@smoothstack.com
500	Bryan	Rodriguez	BryanRodriguez@smoothstack.com
502	Lori	Gutierrez	LoriGutierrez@smoothstack.com
503	Julie	Osborne	JulieOsborne@smoothstack.com
504	Mark	Smith	MarkSmith@smoothstack.com
505	Thomas	Romero	ThomasRomero@smoothstack.com
504	Scott	Park	ScottPark@smoothstack.com
506	Nicole	Hoover	NicoleHoover@smoothstack.com
507	Christian	Oneal	ChristianOneal@smoothstack.com
508	Jody	Johnson	JodyJohnson@smoothstack.com
509	William	Jackson	WilliamJackson@smoothstack.com
510	Lynn	Munoz	LynnMunoz@smoothstack.com
511	Whitney	Patterson	WhitneyPatterson@smoothstack.com
512	William	Townsend	WilliamTownsend@smoothstack.com
511	Alisha	Beck	AlishaBeck@smoothstack.com
513	Ian	Boyd	IanBoyd@smoothstack.com
514	Matthew	Duffy	MatthewDuffy@smoothstack.com
515	Calvin	Ballard	CalvinBallard@smoothstack.com
516	Kyle	Frazier	KyleFrazier@smoothstack.com
517	Gilbert	Kennedy	GilbertKennedy@smoothstack.com
516	Daniel	Ramos	DanielRamos@smoothstack.com
518	Joseph	Russell	JosephRussell@smoothstack.com
519	Jessica	Johnson	JessicaJohnson@smoothstack.com
520	Sarah	Williams	SarahWilliams@smoothstack.com
521	Leah	White	LeahWhite@smoothstack.com
523	Miguel	Swanson	MiguelSwanson@smoothstack.com
522	Dawn	Anderson	DawnAnderson@smoothstack.com
524	Felicia	Riley	FeliciaRiley@smoothstack.com
523	Donald	Zimmerman	DonaldZimmerman@smoothstack.com
525	Lisa	Preston	LisaPreston@smoothstack.com
526	Joel	Dalton	JoelDalton@smoothstack.com
528	Steven	Wilson	StevenWilson@smoothstack.com
527	Dennis	Benton	DennisBenton@smoothstack.com
529	Edward	Vincent	EdwardVincent@smoothstack.com
531	Richard	Francis	RichardFrancis@smoothstack.com
530	Nichole	Murphy	NicholeMurphy@smoothstack.com
532	Becky	Mcbride	BeckyMcbride@smoothstack.com
533	Lance	Barajas	LanceBarajas@smoothstack.com
536	Jeffrey	Jones	JeffreyJones@smoothstack.com
534	Veronica	Perry	VeronicaPerry@smoothstack.com
535	Kimberly	Miller	KimberlyMiller@smoothstack.com
537	Wanda	Brady	WandaBrady@smoothstack.com
538	Ethan	Douglas	EthanDouglas@smoothstack.com
539	William	Powell	WilliamPowell@smoothstack.com
540	Nancy	Mcpherson	NancyMcpherson@smoothstack.com
541	Tammy	Harris	TammyHarris@smoothstack.com
542	Lori	Roth	LoriRoth@smoothstack.com
543	Nina	Knox	NinaKnox@smoothstack.com
544	Eric	Evans	EricEvans@smoothstack.com
545	Joseph	Andrade	JosephAndrade@smoothstack.com
546	Pedro	Miles	PedroMiles@smoothstack.com
547	Bryan	Gutierrez	BryanGutierrez@smoothstack.com
548	Susan	Contreras	SusanContreras@smoothstack.com
549	Sarah	Johnson	SarahJohnson@smoothstack.com
550	Deborah	Salas	DeborahSalas@smoothstack.com
551	Sandra	White	SandraWhite@smoothstack.com
552	Theresa	Bullock	TheresaBullock@smoothstack.com
553	Megan	Huber	MeganHuber@smoothstack.com
554	Heather	Mendoza	HeatherMendoza@smoothstack.com
553	James	Reynolds	JamesReynolds@smoothstack.com
555	Anna	Nguyen	AnnaNguyen@smoothstack.com
556	Jonathan	Christensen	JonathanChristensen@smoothstack.com
557	Timothy	Morales	TimothyMorales@smoothstack.com
558	John	Johnson	JohnJohnson@smoothstack.com
559	Jeffrey	Willis	JeffreyWillis@smoothstack.com
560	Charles	Harvey	CharlesHarvey@smoothstack.com
561	Jesse	Garcia	JesseGarcia@smoothstack.com
562	Jason	Hartman	JasonHartman@smoothstack.com
563	Shelby	Conrad	ShelbyConrad@smoothstack.com
564	Susan	Harrington	SusanHarrington@smoothstack.com
565	Anthony	Adkins	AnthonyAdkins@smoothstack.com
566	Christopher	James	ChristopherJames@smoothstack.com
567	Henry	Wells	HenryWells@smoothstack.com
568	Christopher	Kim	ChristopherKim@smoothstack.com
569	Jacob	Hester	JacobHester@smoothstack.com
570	Jared	Rose	JaredRose@smoothstack.com
571	Darryl	Tucker	DarrylTucker@smoothstack.com
572	Lorraine	Faulkner	LorraineFaulkner@smoothstack.com
573	Aaron	Brooks	AaronBrooks@smoothstack.com
574	Charlotte	Harmon	CharlotteHarmon@smoothstack.com
572	Brandon	Barnett	BrandonBarnett@smoothstack.com
575	Andrew	Huffman	AndrewHuffman@smoothstack.com
576	Rebecca	Madden	RebeccaMadden@smoothstack.com
577	Patrick	Reese	PatrickReese@smoothstack.com
578	Deborah	Cortez	DeborahCortez@smoothstack.com
579	David	Griffin	DavidGriffin@smoothstack.com
580	Mark	Fisher	MarkFisher@smoothstack.com
581	Tonya	Jordan	TonyaJordan@smoothstack.com
582	Diana	Stout	DianaStout@smoothstack.com
583	Michael	Huff	MichaelHuff@smoothstack.com
584	Tracy	Lane	TracyLane@smoothstack.com
583	Charles	Fritz	CharlesFritz@smoothstack.com
585	Erica	Reed	EricaReed@smoothstack.com
586	Tom	Morales	TomMorales@smoothstack.com
587	Heather	Matthews	HeatherMatthews@smoothstack.com
588	Jason	Miller	JasonMiller@smoothstack.com
589	Bianca	Davis	BiancaDavis@smoothstack.com
590	Spencer	Caldwell	SpencerCaldwell@smoothstack.com
590	Steven	Carey	StevenCarey@smoothstack.com
591	David	Kemp	DavidKemp@smoothstack.com
594	Chelsea	Jimenez	ChelseaJimenez@smoothstack.com
592	Blake	Johnston	BlakeJohnston@smoothstack.com
593	Linda	Roberts	LindaRoberts@smoothstack.com
595	Miranda	Shelton	MirandaShelton@smoothstack.com
596	Natalie	Garcia	NatalieGarcia@smoothstack.com
597	Christopher	George	ChristopherGeorge@smoothstack.com
598	Stephanie	Braun	StephanieBraun@smoothstack.com
599	Bobby	Marshall	BobbyMarshall@smoothstack.com
600	Gregory	Kelly	GregoryKelly@smoothstack.com
601	Travis	Kelley	TravisKelley@smoothstack.com
602	Derek	Drake	DerekDrake@smoothstack.com
603	Brandon	Lyons	BrandonLyons@smoothstack.com
604	Amanda	Ramirez	AmandaRamirez@smoothstack.com
605	James	Byrd	JamesByrd@smoothstack.com
606	Angela	Kramer	AngelaKramer@smoothstack.com
607	Christina	Hanson	ChristinaHanson@smoothstack.com
608	Cynthia	Landry	CynthiaLandry@smoothstack.com
609	Shane	Terrell	ShaneTerrell@smoothstack.com
610	Jesse	Taylor	JesseTaylor@smoothstack.com
611	Mathew	Jones	MathewJones@smoothstack.com
613	John	Spencer	JohnSpencer@smoothstack.com
612	Michelle	Friedman	MichelleFriedman@smoothstack.com
614	Jeffery	Turner	JefferyTurner@smoothstack.com
615	Michelle	Allen	MichelleAllen@smoothstack.com
616	Sara	Davis	SaraDavis@smoothstack.com
617	Brittany	Hayes	BrittanyHayes@smoothstack.com
618	Christopher	Dixon	ChristopherDixon@smoothstack.com
619	Jesus	Armstrong	JesusArmstrong@smoothstack.com
620	Debra	Robinson	DebraRobinson@smoothstack.com
621	Tracy	Parker	TracyParker@smoothstack.com
622	Richard	Lozano	RichardLozano@smoothstack.com
623	Wendy	Carlson	WendyCarlson@smoothstack.com
624	Patrick	Medina	PatrickMedina@smoothstack.com
625	Sherry	Miller	SherryMiller@smoothstack.com
626	Alicia	Terrell	AliciaTerrell@smoothstack.com
627	William	Compton	WilliamCompton@smoothstack.com
628	Ian	Miller	IanMiller@smoothstack.com
629	Wendy	Aguilar	WendyAguilar@smoothstack.com
630	Stephen	Lewis	StephenLewis@smoothstack.com
631	Donna	Zamora	DonnaZamora@smoothstack.com
632	Randy	Greene	RandyGreene@smoothstack.com
633	Laurie	Alexander	LaurieAlexander@smoothstack.com
634	April	Sanchez	AprilSanchez@smoothstack.com
635	Andrew	Reeves	AndrewReeves@smoothstack.com
636	Tyler	Hernandez	TylerHernandez@smoothstack.com
637	Taylor	Hunter	TaylorHunter@smoothstack.com
638	Ricardo	Smith	RicardoSmith@smoothstack.com
641	Jody	Gomez	JodyGomez@smoothstack.com
639	Danny	Rowe	DannyRowe@smoothstack.com
640	Heather	Williams	HeatherWilliams@smoothstack.com
642	Anne	Wells	AnneWells@smoothstack.com
643	Douglas	Dalton	DouglasDalton@smoothstack.com
644	Scott	Valenzuela	ScottValenzuela@smoothstack.com
645	John	Wright	JohnWright@smoothstack.com
646	Jimmy	Schroeder	JimmySchroeder@smoothstack.com
647	Michael	Morgan	MichaelMorgan@smoothstack.com
648	Michael	Patrick	MichaelPatrick@smoothstack.com
650	Robert	Byrd	RobertByrd@smoothstack.com
649	Randall	Guzman	RandallGuzman@smoothstack.com
654	Matthew	Stark	MatthewStark@smoothstack.com
650	Gabriel	Guzman	GabrielGuzman@smoothstack.com
651	Louis	Pope	LouisPope@smoothstack.com
652	Kathleen	Jimenez	KathleenJimenez@smoothstack.com
653	Danielle	James	DanielleJames@smoothstack.com
655	Robin	Dixon	RobinDixon@smoothstack.com
656	Nichole	Armstrong	NicholeArmstrong@smoothstack.com
657	Mary	Sanchez	MarySanchez@smoothstack.com
658	Christina	Estrada	ChristinaEstrada@smoothstack.com
661	Richard	Copeland	RichardCopeland@smoothstack.com
659	Christopher	Carney	ChristopherCarney@smoothstack.com
660	Timothy	Cobb	TimothyCobb@smoothstack.com
662	Susan	Holmes	SusanHolmes@smoothstack.com
663	Adam	Wilson	AdamWilson@smoothstack.com
664	Samuel	Garrett	SamuelGarrett@smoothstack.com
665	Pedro	Johnson	PedroJohnson@smoothstack.com
666	James	Bell	JamesBell@smoothstack.com
667	Michelle	Johnson	MichelleJohnson@smoothstack.com
668	Joseph	Porter	JosephPorter@smoothstack.com
669	David	Duncan	DavidDuncan@smoothstack.com
670	James	Macdonald	JamesMacdonald@smoothstack.com
671	Makayla	Barajas	MakaylaBarajas@smoothstack.com
672	Donald	Fox	DonaldFox@smoothstack.com
673	Deborah	Holden	DeborahHolden@smoothstack.com
674	Carol	Hunter	CarolHunter@smoothstack.com
675	Daniel	Choi	DanielChoi@smoothstack.com
676	Joseph	Sandoval	JosephSandoval@smoothstack.com
677	Lisa	Hernandez	LisaHernandez@smoothstack.com
678	Megan	Smith	MeganSmith@smoothstack.com
679	Ashley	Guzman	AshleyGuzman@smoothstack.com
680	Alexander	Whitaker	AlexanderWhitaker@smoothstack.com
681	Charles	Dickson	CharlesDickson@smoothstack.com
682	Daniel	Whitney	DanielWhitney@smoothstack.com
683	Tyler	Miller	TylerMiller@smoothstack.com
684	Kyle	Hernandez	KyleHernandez@smoothstack.com
685	Donna	Martinez	DonnaMartinez@smoothstack.com
686	Joseph	Rowe	JosephRowe@smoothstack.com
687	Gregory	Johnson	GregoryJohnson@smoothstack.com
688	Brian	Jordan	BrianJordan@smoothstack.com
689	Aaron	Cohen	AaronCohen@smoothstack.com
690	Nathan	Rodriguez	NathanRodriguez@smoothstack.com
691	Joan	Velasquez	JoanVelasquez@smoothstack.com
692	Tracy	Richards	TracyRichards@smoothstack.com
693	Amy	Palmer	AmyPalmer@smoothstack.com
694	Brian	Rollins	BrianRollins@smoothstack.com
695	Joseph	Everett	JosephEverett@smoothstack.com
696	Rebecca	Moore	RebeccaMoore@smoothstack.com
697	James	Colon	JamesColon@smoothstack.com
698	Todd	Nelson	ToddNelson@smoothstack.com
699	Kyle	Garcia	KyleGarcia@smoothstack.com
699	Steven	Smith	StevenSmith@smoothstack.com
700	Todd	Phillips	ToddPhillips@smoothstack.com
701	Monica	Williams	MonicaWilliams@smoothstack.com
702	Dana	Santana	DanaSantana@smoothstack.com
703	Seth	Michael	SethMichael@smoothstack.com
705	Allison	Rose	AllisonRose@smoothstack.com
704	Felicia	Lowe	FeliciaLowe@smoothstack.com
706	Stephen	Gonzales	StephenGonzales@smoothstack.com
707	Lynn	Acosta	LynnAcosta@smoothstack.com
708	Sharon	Davila	SharonDavila@smoothstack.com
709	Lynn	Hernandez	LynnHernandez@smoothstack.com
711	Keith	Wright	KeithWright@smoothstack.com
710	Ashley	Campbell	AshleyCampbell@smoothstack.com
713	Anthony	Herman	AnthonyHerman@smoothstack.com
712	Melissa	Robinson	MelissaRobinson@smoothstack.com
714	Alexander	Evans	AlexanderEvans@smoothstack.com
715	Andrew	Powell	AndrewPowell@smoothstack.com
716	Linda	Saunders	LindaSaunders@smoothstack.com
718	Catherine	Harding	CatherineHarding@smoothstack.com
717	Kimberly	Washington	KimberlyWashington@smoothstack.com
719	Donald	Palmer	DonaldPalmer@smoothstack.com
720	Melissa	Lucero	MelissaLucero@smoothstack.com
721	Wanda	Villa	WandaVilla@smoothstack.com
722	Dennis	Lewis	DennisLewis@smoothstack.com
724	Matthew	Berry	MatthewBerry@smoothstack.com
723	Amy	Johnson	AmyJohnson@smoothstack.com
725	Sharon	Stewart	SharonStewart@smoothstack.com
726	John	Martinez	JohnMartinez@smoothstack.com
727	Linda	Silva	LindaSilva@smoothstack.com
728	Casey	Reid	CaseyReid@smoothstack.com
729	Emily	Noble	EmilyNoble@smoothstack.com
730	Paul	Moody	PaulMoody@smoothstack.com
731	Seth	Chapman	SethChapman@smoothstack.com
732	Stephen	Dixon	StephenDixon@smoothstack.com
733	Justin	Lopez	JustinLopez@smoothstack.com
734	Robin	Ross	RobinRoss@smoothstack.com
735	Alexandra	Delacruz	AlexandraDelacruz@smoothstack.com
736	Jacqueline	Wallace	JacquelineWallace@smoothstack.com
737	Michael	Stevenson	MichaelStevenson@smoothstack.com
738	Kathryn	Gonzalez	KathrynGonzalez@smoothstack.com
739	Clinton	Stephens	ClintonStephens@smoothstack.com
740	Robert	Turner	RobertTurner@smoothstack.com
741	Jasmine	Carpenter	JasmineCarpenter@smoothstack.com
742	Christopher	Garcia	ChristopherGarcia@smoothstack.com
744	Amanda	Macias	AmandaMacias@smoothstack.com
743	Christopher	Peterson	ChristopherPeterson@smoothstack.com
745	Amanda	Medina	AmandaMedina@smoothstack.com
746	Calvin	Cohen	CalvinCohen@smoothstack.com
747	Angela	Gonzalez	AngelaGonzalez@smoothstack.com
748	Edwin	Deleon	EdwinDeleon@smoothstack.com
749	Eric	Garcia	EricGarcia@smoothstack.com
748	Victoria	Andrade	VictoriaAndrade@smoothstack.com
750	Danielle	Brown	DanielleBrown@smoothstack.com
751	Marvin	Burns	MarvinBurns@smoothstack.com
752	Jason	Mcdaniel	JasonMcdaniel@smoothstack.com
753	Lauren	Mccullough	LaurenMccullough@smoothstack.com
754	Michael	Ewing	MichaelEwing@smoothstack.com
756	Debra	Anderson	DebraAnderson@smoothstack.com
755	Susan	Edwards	SusanEdwards@smoothstack.com
757	Stacy	Powell	StacyPowell@smoothstack.com
758	Lisa	Johnson	LisaJohnson@smoothstack.com
759	Melissa	Martin	MelissaMartin@smoothstack.com
760	Elizabeth	Walker	ElizabethWalker@smoothstack.com
761	Alicia	Owens	AliciaOwens@smoothstack.com
762	Alex	Hernandez	AlexHernandez@smoothstack.com
763	Michael	Sanchez	MichaelSanchez@smoothstack.com
764	Janet	Keller	JanetKeller@smoothstack.com
765	Anna	Dawson	AnnaDawson@smoothstack.com
767	Gerald	Mullen	GeraldMullen@smoothstack.com
766	Ashley	Sharp	AshleySharp@smoothstack.com
768	Michele	Bowman	MicheleBowman@smoothstack.com
769	Tammy	Flores	TammyFlores@smoothstack.com
770	Christopher	Hernandez	ChristopherHernandez@smoothstack.com
771	Robert	Mccarty	RobertMccarty@smoothstack.com
772	Lauren	Howard	LaurenHoward@smoothstack.com
773	Connie	Wolf	ConnieWolf@smoothstack.com
774	Regina	Chase	ReginaChase@smoothstack.com
775	Patricia	Griffin	PatriciaGriffin@smoothstack.com
776	Sara	Martinez	SaraMartinez@smoothstack.com
777	Shawn	Callahan	ShawnCallahan@smoothstack.com
779	April	Herring	AprilHerring@smoothstack.com
778	Mary	Clark	MaryClark@smoothstack.com
780	Meagan	Norris	MeaganNorris@smoothstack.com
781	Jeffery	King	JefferyKing@smoothstack.com
782	Nicole	Nunez	NicoleNunez@smoothstack.com
783	Daniel	Martinez	DanielMartinez@smoothstack.com
784	Brenda	Marsh	BrendaMarsh@smoothstack.com
785	Erica	Williamson	EricaWilliamson@smoothstack.com
786	Christian	Rogers	ChristianRogers@smoothstack.com
787	Michael	Garrett	MichaelGarrett@smoothstack.com
787	Zachary	Waters	ZacharyWaters@smoothstack.com
788	Mckenzie	Roy	MckenzieRoy@smoothstack.com
789	Shannon	Porter	ShannonPorter@smoothstack.com
790	David	Freeman	DavidFreeman@smoothstack.com
791	Joseph	Brady	JosephBrady@smoothstack.com
792	Leslie	Jenkins	LeslieJenkins@smoothstack.com
791	Steven	Robles	StevenRobles@smoothstack.com
793	Charles	Wilkins	CharlesWilkins@smoothstack.com
794	Breanna	Lawrence	BreannaLawrence@smoothstack.com
793	Brandon	Matthews	BrandonMatthews@smoothstack.com
795	Danny	Raymond	DannyRaymond@smoothstack.com
796	Jeremiah	Newman	JeremiahNewman@smoothstack.com
797	Chelsea	Harris	ChelseaHarris@smoothstack.com
798	Melanie	Lewis	MelanieLewis@smoothstack.com
799	Daniel	Fox	DanielFox@smoothstack.com
800	Frank	Christian	FrankChristian@smoothstack.com
801	Charles	Cox	CharlesCox@smoothstack.com
800	Brandon	Fernandez	BrandonFernandez@smoothstack.com
802	Spencer	Fleming	SpencerFleming@smoothstack.com
803	Janice	Burke	JaniceBurke@smoothstack.com
804	Barbara	Armstrong	BarbaraArmstrong@smoothstack.com
805	Lauren	Richardson	LaurenRichardson@smoothstack.com
806	Eric	Monroe	EricMonroe@smoothstack.com
807	Jessica	Kennedy	JessicaKennedy@smoothstack.com
808	Leslie	Castro	LeslieCastro@smoothstack.com
809	Charles	Kelly	CharlesKelly@smoothstack.com
810	Gregory	Cox	GregoryCox@smoothstack.com
811	Alexander	Gibbs	AlexanderGibbs@smoothstack.com
812	Lisa	Dunn	LisaDunn@smoothstack.com
813	Paula	Hutchinson	PaulaHutchinson@smoothstack.com
814	Tracy	Ward	TracyWard@smoothstack.com
815	Justin	Rios	JustinRios@smoothstack.com
816	Christopher	Owens	ChristopherOwens@smoothstack.com
817	Robert	Hall	RobertHall@smoothstack.com
818	Kathryn	Mcintosh	KathrynMcintosh@smoothstack.com
819	Jessica	White	JessicaWhite@smoothstack.com
820	Judy	Lee	JudyLee@smoothstack.com
821	Eric	Lambert	EricLambert@smoothstack.com
822	George	Hoover	GeorgeHoover@smoothstack.com
823	Karla	Smith	KarlaSmith@smoothstack.com
824	Jack	King	JackKing@smoothstack.com
825	Brooke	Adams	BrookeAdams@smoothstack.com
827	Colleen	Coleman	ColleenColeman@smoothstack.com
826	Robert	Morrow	RobertMorrow@smoothstack.com
828	Yvette	Scott	YvetteScott@smoothstack.com
829	Brittany	Coleman	BrittanyColeman@smoothstack.com
831	Deanna	Lawson	DeannaLawson@smoothstack.com
830	Henry	Warren	HenryWarren@smoothstack.com
832	Amanda	Prince	AmandaPrince@smoothstack.com
833	Susan	Steele	SusanSteele@smoothstack.com
834	Leah	Brown	LeahBrown@smoothstack.com
833	Christopher	Oneill	ChristopherOneill@smoothstack.com
835	Daniel	Daugherty	DanielDaugherty@smoothstack.com
836	Taylor	Hogan	TaylorHogan@smoothstack.com
837	Donald	Savage	DonaldSavage@smoothstack.com
838	Willie	Guzman	WillieGuzman@smoothstack.com
839	Diana	Hensley	DianaHensley@smoothstack.com
840	Zachary	Thomas	ZacharyThomas@smoothstack.com
841	Brian	Mccann	BrianMccann@smoothstack.com
842	Ronald	Mcclure	RonaldMcclure@smoothstack.com
843	Gerald	Lee	GeraldLee@smoothstack.com
844	Daniel	Allen	DanielAllen@smoothstack.com
845	Adam	Brady	AdamBrady@smoothstack.com
846	Marie	Gibbs	MarieGibbs@smoothstack.com
847	Kari	Williams	KariWilliams@smoothstack.com
848	Billy	Bates	BillyBates@smoothstack.com
849	Tyler	Brown	TylerBrown@smoothstack.com
850	Jennifer	Powell	JenniferPowell@smoothstack.com
851	Amanda	Villarreal	AmandaVillarreal@smoothstack.com
852	Robert	Palmer	RobertPalmer@smoothstack.com
853	Marcus	Smith	MarcusSmith@smoothstack.com
854	Kara	Hudson	KaraHudson@smoothstack.com
855	Christina	Kelly	ChristinaKelly@smoothstack.com
856	Steven	Patterson	StevenPatterson@smoothstack.com
857	Brandon	Harris	BrandonHarris@smoothstack.com
858	Ralph	Miller	RalphMiller@smoothstack.com
859	Daniel	Hall	DanielHall@smoothstack.com
860	Kayla	Mitchell	KaylaMitchell@smoothstack.com
860	Sandra	Nicholson	SandraNicholson@smoothstack.com
861	Lisa	Bond	LisaBond@smoothstack.com
862	Jessica	Lopez	JessicaLopez@smoothstack.com
863	Mary	Williamson	MaryWilliamson@smoothstack.com
864	Richard	Peters	RichardPeters@smoothstack.com
863	Jennifer	Jackson	JenniferJackson@smoothstack.com
865	Michael	Marshall	MichaelMarshall@smoothstack.com
866	Joshua	Lozano	JoshuaLozano@smoothstack.com
867	Makayla	Miles	MakaylaMiles@smoothstack.com
868	Lori	Nichols	LoriNichols@smoothstack.com
869	Tonya	Ewing	TonyaEwing@smoothstack.com
870	Ann	Miller	AnnMiller@smoothstack.com
873	Sharon	Morris	SharonMorris@smoothstack.com
871	Jennifer	Payne	JenniferPayne@smoothstack.com
872	Jeanette	Lee	JeanetteLee@smoothstack.com
874	Jerry	Henderson	JerryHenderson@smoothstack.com
875	Marissa	Rodriguez	MarissaRodriguez@smoothstack.com
876	Andrea	Marsh	AndreaMarsh@smoothstack.com
877	Andrew	Harris	AndrewHarris@smoothstack.com
879	Matthew	Ramsey	MatthewRamsey@smoothstack.com
878	Christina	Riley	ChristinaRiley@smoothstack.com
880	Amanda	Norman	AmandaNorman@smoothstack.com
879	Tyler	Allen	TylerAllen@smoothstack.com
881	Eric	Porter	EricPorter@smoothstack.com
882	Robert	Hamilton	RobertHamilton@smoothstack.com
883	Justin	Walter	JustinWalter@smoothstack.com
884	Rita	Fitzgerald	RitaFitzgerald@smoothstack.com
885	Jesus	Barton	JesusBarton@smoothstack.com
886	Jonathan	Short	JonathanShort@smoothstack.com
887	Jamie	Rasmussen	JamieRasmussen@smoothstack.com
888	Ariel	Bell	ArielBell@smoothstack.com
889	Mark	Acevedo	MarkAcevedo@smoothstack.com
890	Dustin	Brown	DustinBrown@smoothstack.com
891	Thomas	Houston	ThomasHouston@smoothstack.com
892	Todd	Spence	ToddSpence@smoothstack.com
893	Daniel	Davis	DanielDavis@smoothstack.com
894	Tiffany	Gamble	TiffanyGamble@smoothstack.com
895	Erin	Stokes	ErinStokes@smoothstack.com
896	Dawn	Phillips	DawnPhillips@smoothstack.com
897	Darlene	Strickland	DarleneStrickland@smoothstack.com
898	Lucas	Carey	LucasCarey@smoothstack.com
899	Nicole	Russo	NicoleRusso@smoothstack.com
900	Andrea	Combs	AndreaCombs@smoothstack.com
901	Teresa	Thompson	TeresaThompson@smoothstack.com
903	Anthony	Hamilton	AnthonyHamilton@smoothstack.com
901	Regina	Meyer	ReginaMeyer@smoothstack.com
902	Andrew	Whitaker	AndrewWhitaker@smoothstack.com
904	Derek	Clay	DerekClay@smoothstack.com
905	Michael	Williams	MichaelWilliams@smoothstack.com
906	Barbara	Daniel	BarbaraDaniel@smoothstack.com
907	Christopher	Melendez	ChristopherMelendez@smoothstack.com
908	Kathleen	Holmes	KathleenHolmes@smoothstack.com
909	Julie	Patterson	JuliePatterson@smoothstack.com
910	Debra	Hayes	DebraHayes@smoothstack.com
911	Emily	Pollard	EmilyPollard@smoothstack.com
912	Kimberly	Harris	KimberlyHarris@smoothstack.com
911	Adam	Craig	AdamCraig@smoothstack.com
913	Antonio	Hammond	AntonioHammond@smoothstack.com
914	Dylan	Jackson	DylanJackson@smoothstack.com
915	Justin	Sparks	JustinSparks@smoothstack.com
916	Joyce	Rogers	JoyceRogers@smoothstack.com
918	Zachary	Mcclain	ZacharyMcclain@smoothstack.com
917	Kimberly	Moore	KimberlyMoore@smoothstack.com
919	Darius	Torres	DariusTorres@smoothstack.com
920	Michele	Gallegos	MicheleGallegos@smoothstack.com
921	Jordan	Morgan	JordanMorgan@smoothstack.com
922	Lisa	Ellis	LisaEllis@smoothstack.com
923	Mary	Hartman	MaryHartman@smoothstack.com
924	Charles	Thompson	CharlesThompson@smoothstack.com
925	Kevin	Harris	KevinHarris@smoothstack.com
926	Becky	Johnson	BeckyJohnson@smoothstack.com
927	Amber	Byrd	AmberByrd@smoothstack.com
928	Kevin	Pearson	KevinPearson@smoothstack.com
929	Amanda	May	AmandaMay@smoothstack.com
930	Melissa	Davis	MelissaDavis@smoothstack.com
931	Mike	Rodriguez	MikeRodriguez@smoothstack.com
932	Patricia	Rice	PatriciaRice@smoothstack.com
933	Robin	Hill	RobinHill@smoothstack.com
934	Andrew	Watson	AndrewWatson@smoothstack.com
935	Diana	Lawrence	DianaLawrence@smoothstack.com
936	Marie	Wiley	MarieWiley@smoothstack.com
937	John	Kelly	JohnKelly@smoothstack.com
938	Joshua	Hawkins	JoshuaHawkins@smoothstack.com
939	Ricky	Herrera	RickyHerrera@smoothstack.com
938	Kim	Griffin	KimGriffin@smoothstack.com
940	Sue	Jones	SueJones@smoothstack.com
941	Pamela	Mills	PamelaMills@smoothstack.com
942	Anna	Hernandez	AnnaHernandez@smoothstack.com
943	Jordan	Edwards	JordanEdwards@smoothstack.com
944	Veronica	Wyatt	VeronicaWyatt@smoothstack.com
945	Meagan	Aguilar	MeaganAguilar@smoothstack.com
946	Cindy	Perez	CindyPerez@smoothstack.com
945	Jessica	Cox	JessicaCox@smoothstack.com
948	Kevin	Frye	KevinFrye@smoothstack.com
947	Robert	Jimenez	RobertJimenez@smoothstack.com
948	Janice	Nguyen	JaniceNguyen@smoothstack.com
949	Emily	Nichols	EmilyNichols@smoothstack.com
950	Aaron	Farrell	AaronFarrell@smoothstack.com
951	Samantha	Beasley	SamanthaBeasley@smoothstack.com
952	Jesus	Cruz	JesusCruz@smoothstack.com
953	Mark	Ayala	MarkAyala@smoothstack.com
954	Ariel	Hensley	ArielHensley@smoothstack.com
956	Steve	Hays	SteveHays@smoothstack.com
955	Bryan	Berg	BryanBerg@smoothstack.com
957	Michael	Swanson	MichaelSwanson@smoothstack.com
958	Melissa	Conrad	MelissaConrad@smoothstack.com
959	Melissa	Rodriguez	MelissaRodriguez@smoothstack.com
960	Kim	Martinez	KimMartinez@smoothstack.com
961	Isaac	Ross	IsaacRoss@smoothstack.com
962	Emily	Smith	EmilySmith@smoothstack.com
963	Regina	Mccormick	ReginaMccormick@smoothstack.com
964	Keith	Jacobs	KeithJacobs@smoothstack.com
965	Richard	Lawrence	RichardLawrence@smoothstack.com
966	Elizabeth	Moreno	ElizabethMoreno@smoothstack.com
967	Jessica	Perez	JessicaPerez@smoothstack.com
968	James	Garrett	JamesGarrett@smoothstack.com
969	Gina	Vaughn	GinaVaughn@smoothstack.com
968	Rebecca	Lewis	RebeccaLewis@smoothstack.com
970	Steve	Wilson	SteveWilson@smoothstack.com
971	Jacqueline	Gay	JacquelineGay@smoothstack.com
972	Shannon	Owens	ShannonOwens@smoothstack.com
973	Wendy	Novak	WendyNovak@smoothstack.com
975	Justin	Moore	JustinMoore@smoothstack.com
974	Michelle	Cunningham	MichelleCunningham@smoothstack.com
976	Brandon	Thomas	BrandonThomas@smoothstack.com
977	Gabriel	Robertson	GabrielRobertson@smoothstack.com
979	James	Harrison	JamesHarrison@smoothstack.com
978	Robert	Fry	RobertFry@smoothstack.com
980	Justin	Mendez	JustinMendez@smoothstack.com
981	Richard	Peck	RichardPeck@smoothstack.com
982	Joshua	Thomas	JoshuaThomas@smoothstack.com
983	Derek	Farrell	DerekFarrell@smoothstack.com
984	Kathryn	Bates	KathrynBates@smoothstack.com
986	Christian	Cantu	ChristianCantu@smoothstack.com
985	Kristi	Fisher	KristiFisher@smoothstack.com
987	Daniel	Barnes	DanielBarnes@smoothstack.com
988	Victoria	Lopez	VictoriaLopez@smoothstack.com
989	David	Patel	DavidPatel@smoothstack.com
990	John	Delacruz	JohnDelacruz@smoothstack.com
991	Kaitlyn	Johnson	KaitlynJohnson@smoothstack.com
992	Marissa	Rowe	MarissaRowe@smoothstack.com
993	Jennifer	Williams	JenniferWilliams@smoothstack.com
994	Chelsey	Brown	ChelseyBrown@smoothstack.com
995	Ricardo	Williams	RicardoWilliams@smoothstack.com
996	Theresa	Marshall	TheresaMarshall@smoothstack.com
998	Charles	Holmes	CharlesHolmes@smoothstack.com
997	Richard	Smith	RichardSmith@smoothstack.com
999	Jonathan	Mcdonald	JonathanMcdonald@smoothstack.com
1000	Michael	Hall	MichaelHall@smoothstack.com
1001	Heather	Gregory	HeatherGregory@smoothstack.com
1002	Sue	Klein	SueKlein@smoothstack.com
1002	Michelle	Wright	MichelleWright@smoothstack.com
1003	Amanda	Gonzalez	AmandaGonzalez@smoothstack.com
1004	Tabitha	Wright	TabithaWright@smoothstack.com
1005	Dawn	Johnson	DawnJohnson@smoothstack.com
1006	Alexander	Mays	AlexanderMays@smoothstack.com
1007	Dennis	Benjamin	DennisBenjamin@smoothstack.com
1008	Katrina	Adams	KatrinaAdams@smoothstack.com
1009	Ariel	Gilbert	ArielGilbert@smoothstack.com
1008	Brandi	Harris	BrandiHarris@smoothstack.com
1010	Christopher	Hubbard	ChristopherHubbard@smoothstack.com
1011	Jeremy	Carrillo	JeremyCarrillo@smoothstack.com
1012	Michael	Bradford	MichaelBradford@smoothstack.com
1013	Samantha	Lopez	SamanthaLopez@smoothstack.com
1014	Ricardo	Gonzalez	RicardoGonzalez@smoothstack.com
1015	Samuel	Smith	SamuelSmith@smoothstack.com
1016	Christopher	Mejia	ChristopherMejia@smoothstack.com
1017	James	Calhoun	JamesCalhoun@smoothstack.com
1018	Tara	Mcbride	TaraMcbride@smoothstack.com
1019	Julie	Griffin	JulieGriffin@smoothstack.com
1020	Jennifer	Mack	JenniferMack@smoothstack.com
1021	Randy	Brown	RandyBrown@smoothstack.com
1022	Wayne	Brown	WayneBrown@smoothstack.com
1024	Pamela	Hoover	PamelaHoover@smoothstack.com
1023	Randy	Davidson	RandyDavidson@smoothstack.com
1025	Larry	Turner	LarryTurner@smoothstack.com
1026	Stephanie	Freeman	StephanieFreeman@smoothstack.com
1028	Jason	Rose	JasonRose@smoothstack.com
1027	Kenneth	Ferguson	KennethFerguson@smoothstack.com
1029	Casey	Bailey	CaseyBailey@smoothstack.com
1030	Christopher	Schultz	ChristopherSchultz@smoothstack.com
1031	Edward	Avery	EdwardAvery@smoothstack.com
1032	Jamie	Davis	JamieDavis@smoothstack.com
1033	Daniel	Hernandez	DanielHernandez@smoothstack.com
1034	Jonathan	Barnes	JonathanBarnes@smoothstack.com
1035	Kelly	Wall	KellyWall@smoothstack.com
1036	Curtis	Parker	CurtisParker@smoothstack.com
1037	Kayla	Allison	KaylaAllison@smoothstack.com
1038	Michael	Sanders	MichaelSanders@smoothstack.com
1039	Kimberly	Morris	KimberlyMorris@smoothstack.com
1040	Victoria	Jordan	VictoriaJordan@smoothstack.com
1041	Christopher	Jenkins	ChristopherJenkins@smoothstack.com
1042	Michael	Hall	MichaelHall@smoothstack.com
1043	Michael	Hunter	MichaelHunter@smoothstack.com
1044	Joseph	Vaughn	JosephVaughn@smoothstack.com
1045	Ryan	Mason	RyanMason@smoothstack.com
1047	Brenda	Richardson	BrendaRichardson@smoothstack.com
1046	Thomas	Ramos	ThomasRamos@smoothstack.com
1048	Pamela	Gillespie	PamelaGillespie@smoothstack.com
1049	Jacob	Smith	JacobSmith@smoothstack.com
1050	Angela	Richards	AngelaRichards@smoothstack.com
1052	Cheryl	Jackson	CherylJackson@smoothstack.com
1051	Courtney	King	CourtneyKing@smoothstack.com
1053	Michael	Hess	MichaelHess@smoothstack.com
1054	Maureen	Mcclure	MaureenMcclure@smoothstack.com
1056	Jennifer	Marquez	JenniferMarquez@smoothstack.com
1055	Allen	Morgan	AllenMorgan@smoothstack.com
1057	Phillip	Klein	PhillipKlein@smoothstack.com
1058	Sean	Brock	SeanBrock@smoothstack.com
1059	Misty	Williams	MistyWilliams@smoothstack.com
1060	William	Jones	WilliamJones@smoothstack.com
1061	David	Perez	DavidPerez@smoothstack.com
1062	Daniel	Ortega	DanielOrtega@smoothstack.com
1063	Scott	Rocha	ScottRocha@smoothstack.com
1064	Michael	Miller	MichaelMiller@smoothstack.com
1065	Debra	Macias	DebraMacias@smoothstack.com
1066	Linda	Steele	LindaSteele@smoothstack.com
1067	Jennifer	Skinner	JenniferSkinner@smoothstack.com
1068	James	Harvey	JamesHarvey@smoothstack.com
1069	Christine	Wright	ChristineWright@smoothstack.com
1071	Kyle	Adams	KyleAdams@smoothstack.com
1070	Tammy	Freeman	TammyFreeman@smoothstack.com
1071	Raymond	Simmons	RaymondSimmons@smoothstack.com
1072	Kimberly	Munoz	KimberlyMunoz@smoothstack.com
1073	Kathleen	Meyer	KathleenMeyer@smoothstack.com
1074	Matthew	Cardenas	MatthewCardenas@smoothstack.com
1075	Sarah	Holmes	SarahHolmes@smoothstack.com
1076	Michael	Thompson	MichaelThompson@smoothstack.com
1077	Devon	Smith	DevonSmith@smoothstack.com
1076	Amy	Olson	AmyOlson@smoothstack.com
1078	Stephanie	Lutz	StephanieLutz@smoothstack.com
1079	Stephanie	Nelson	StephanieNelson@smoothstack.com
1080	John	Howard	JohnHoward@smoothstack.com
1081	Aaron	Washington	AaronWashington@smoothstack.com
1080	Tiffany	Brown	TiffanyBrown@smoothstack.com
1082	Kim	Sparks	KimSparks@smoothstack.com
1083	Bryce	Singh	BryceSingh@smoothstack.com
1084	David	Odom	DavidOdom@smoothstack.com
1085	Christina	Palmer	ChristinaPalmer@smoothstack.com
1086	Evan	Hudson	EvanHudson@smoothstack.com
1087	Amy	Murray	AmyMurray@smoothstack.com
1088	Mark	Mercado	MarkMercado@smoothstack.com
1089	Glen	Mitchell	GlenMitchell@smoothstack.com
1090	Allen	Dorsey	AllenDorsey@smoothstack.com
1091	Gregory	Wallace	GregoryWallace@smoothstack.com
1092	Sheryl	Scott	SherylScott@smoothstack.com
1093	Kenneth	Henry	KennethHenry@smoothstack.com
1094	Eileen	Giles	EileenGiles@smoothstack.com
1095	Keith	Henderson	KeithHenderson@smoothstack.com
1096	Haley	Wilson	HaleyWilson@smoothstack.com
1097	Katelyn	Gardner	KatelynGardner@smoothstack.com
1098	Judy	Hall	JudyHall@smoothstack.com
1099	William	Smith	WilliamSmith@smoothstack.com
1100	Margaret	Miller	MargaretMiller@smoothstack.com
1101	Brandon	Garcia	BrandonGarcia@smoothstack.com
1102	Michelle	Johnson	MichelleJohnson@smoothstack.com
1103	Kristen	Haney	KristenHaney@smoothstack.com
1104	Brittany	Frazier	BrittanyFrazier@smoothstack.com
1103	Stephen	Lewis	StephenLewis@smoothstack.com
1105	Thomas	Ewing	ThomasEwing@smoothstack.com
1106	Lauren	Martinez	LaurenMartinez@smoothstack.com
1107	Nathan	Todd	NathanTodd@smoothstack.com
1109	Mark	Freeman	MarkFreeman@smoothstack.com
1108	Brandon	Hall	BrandonHall@smoothstack.com
1110	Shelly	Lewis	ShellyLewis@smoothstack.com
1111	Donna	Jones	DonnaJones@smoothstack.com
1112	Victoria	Robinson	VictoriaRobinson@smoothstack.com
1113	Daniel	Landry	DanielLandry@smoothstack.com
1114	Stacy	Morgan	StacyMorgan@smoothstack.com
1115	Joel	Rivera	JoelRivera@smoothstack.com
1116	Alyssa	Henderson	AlyssaHenderson@smoothstack.com
1117	Tyrone	Conley	TyroneConley@smoothstack.com
1118	Adam	Thompson	AdamThompson@smoothstack.com
1119	Brandi	Hill	BrandiHill@smoothstack.com
1120	Raymond	Green	RaymondGreen@smoothstack.com
1121	Thomas	Peterson	ThomasPeterson@smoothstack.com
1122	Latoya	Hogan	LatoyaHogan@smoothstack.com
1123	Kyle	Hernandez	KyleHernandez@smoothstack.com
1124	John	Rojas	JohnRojas@smoothstack.com
1125	Kelly	Anthony	KellyAnthony@smoothstack.com
1126	Steven	Harrison	StevenHarrison@smoothstack.com
1127	Michelle	Fowler	MichelleFowler@smoothstack.com
1128	Evan	Lamb	EvanLamb@smoothstack.com
1129	Tanya	Huang	TanyaHuang@smoothstack.com
1130	Jason	Roberts	JasonRoberts@smoothstack.com
1131	William	Stephens	WilliamStephens@smoothstack.com
1132	Harold	Ford	HaroldFord@smoothstack.com
1133	Stephanie	Harrison	StephanieHarrison@smoothstack.com
1134	James	Flowers	JamesFlowers@smoothstack.com
1135	John	Stark	JohnStark@smoothstack.com
1136	Brandon	Cooper	BrandonCooper@smoothstack.com
1137	Donna	Rios	DonnaRios@smoothstack.com
1138	Shannon	West	ShannonWest@smoothstack.com
1139	Cindy	Baker	CindyBaker@smoothstack.com
1140	Tiffany	Brown	TiffanyBrown@smoothstack.com
1141	Mary	Mendoza	MaryMendoza@smoothstack.com
1142	Jennifer	Walker	JenniferWalker@smoothstack.com
1143	Angela	Dunlap	AngelaDunlap@smoothstack.com
1144	Jonathan	Li	JonathanLi@smoothstack.com
1145	Nicole	Williams	NicoleWilliams@smoothstack.com
1146	Deanna	Morris	DeannaMorris@smoothstack.com
1147	Kendra	Martin	KendraMartin@smoothstack.com
1148	Bryan	Roberts	BryanRoberts@smoothstack.com
1149	Matthew	Odonnell	MatthewOdonnell@smoothstack.com
1148	Mary	Lewis	MaryLewis@smoothstack.com
1150	Richard	Roberts	RichardRoberts@smoothstack.com
1151	Melinda	Butler	MelindaButler@smoothstack.com
1152	Courtney	Payne	CourtneyPayne@smoothstack.com
1154	Angela	Huff	AngelaHuff@smoothstack.com
1153	Erika	Miles	ErikaMiles@smoothstack.com
1155	Christopher	Anderson	ChristopherAnderson@smoothstack.com
1156	Harry	Williams	HarryWilliams@smoothstack.com
1157	Aaron	Lane	AaronLane@smoothstack.com
1158	Susan	Nguyen	SusanNguyen@smoothstack.com
1159	Katherine	Warren	KatherineWarren@smoothstack.com
1160	Jamie	Young	JamieYoung@smoothstack.com
1161	Tabitha	Davis	TabithaDavis@smoothstack.com
1162	Juan	Whitehead	JuanWhitehead@smoothstack.com
1163	Diana	Dyer	DianaDyer@smoothstack.com
1164	Daniel	Lam	DanielLam@smoothstack.com
1165	Pamela	Anderson	PamelaAnderson@smoothstack.com
1166	Sara	Jackson	SaraJackson@smoothstack.com
1167	Alan	Miller	AlanMiller@smoothstack.com
1168	Andrew	Macias	AndrewMacias@smoothstack.com
1169	Richard	Hines	RichardHines@smoothstack.com
1170	Patrick	Schultz	PatrickSchultz@smoothstack.com
1171	Kathryn	Willis	KathrynWillis@smoothstack.com
1172	Robert	Porter	RobertPorter@smoothstack.com
1173	Dean	Weaver	DeanWeaver@smoothstack.com
1174	Thomas	Harvey	ThomasHarvey@smoothstack.com
1175	Dawn	Hall	DawnHall@smoothstack.com
1176	Michael	Tran	MichaelTran@smoothstack.com
1177	Angela	Tran	AngelaTran@smoothstack.com
1178	Jeffrey	Myers	JeffreyMyers@smoothstack.com
1180	Timothy	Bird	TimothyBird@smoothstack.com
1179	Thomas	Munoz	ThomasMunoz@smoothstack.com
1181	Diane	Lewis	DianeLewis@smoothstack.com
1182	Michelle	Ruiz	MichelleRuiz@smoothstack.com
1183	Amber	Carter	AmberCarter@smoothstack.com
1185	Bradley	Hopkins	BradleyHopkins@smoothstack.com
1184	William	Bowen	WilliamBowen@smoothstack.com
1186	Donald	Foster	DonaldFoster@smoothstack.com
1187	Jennifer	Gonzales	JenniferGonzales@smoothstack.com
1188	Lynn	Lewis	LynnLewis@smoothstack.com
1190	Ashley	Smith	AshleySmith@smoothstack.com
1191	Jessica	Martinez	JessicaMartinez@smoothstack.com
1189	Jeffery	Mendoza	JefferyMendoza@smoothstack.com
1192	Kevin	Espinoza	KevinEspinoza@smoothstack.com
1193	Joseph	Wright	JosephWright@smoothstack.com
1192	Joshua	Davis	JoshuaDavis@smoothstack.com
1194	Cynthia	Perry	CynthiaPerry@smoothstack.com
1195	Evan	Smith	EvanSmith@smoothstack.com
1196	Sarah	Singh	SarahSingh@smoothstack.com
1197	Mark	Ross	MarkRoss@smoothstack.com
1198	Lori	Flores	LoriFlores@smoothstack.com
1199	Matthew	Alvarez	MatthewAlvarez@smoothstack.com
1200	Brandy	Patterson	BrandyPatterson@smoothstack.com
1201	Keith	King	KeithKing@smoothstack.com
1202	Valerie	Harris	ValerieHarris@smoothstack.com
1203	Jennifer	Bridges	JenniferBridges@smoothstack.com
1204	Amanda	Williams	AmandaWilliams@smoothstack.com
1206	Martin	Juarez	MartinJuarez@smoothstack.com
1205	Jared	Tran	JaredTran@smoothstack.com
1207	Amanda	Bell	AmandaBell@smoothstack.com
1208	Lynn	Brown	LynnBrown@smoothstack.com
1210	Michael	Holmes	MichaelHolmes@smoothstack.com
1209	Sophia	Williams	SophiaWilliams@smoothstack.com
1211	Michael	Lee	MichaelLee@smoothstack.com
1212	Scott	James	ScottJames@smoothstack.com
1213	Martha	Sanchez	MarthaSanchez@smoothstack.com
1213	Beth	Anderson	BethAnderson@smoothstack.com
1214	Tamara	Ali	TamaraAli@smoothstack.com
1215	Ryan	Taylor	RyanTaylor@smoothstack.com
1216	Brittany	Davis	BrittanyDavis@smoothstack.com
1217	Laura	Butler	LauraButler@smoothstack.com
1218	Michelle	Guzman	MichelleGuzman@smoothstack.com
1219	James	Mejia	JamesMejia@smoothstack.com
1220	Mitchell	Mckee	MitchellMckee@smoothstack.com
1221	Robin	Foley	RobinFoley@smoothstack.com
1220	Robert	Martin	RobertMartin@smoothstack.com
1222	Kathleen	Morrison	KathleenMorrison@smoothstack.com
1223	Michelle	Mills	MichelleMills@smoothstack.com
1224	Patricia	Jones	PatriciaJones@smoothstack.com
1225	Richard	Soto	RichardSoto@smoothstack.com
1226	Larry	Dixon	LarryDixon@smoothstack.com
1227	Regina	Lopez	ReginaLopez@smoothstack.com
1228	Rebecca	Kim	RebeccaKim@smoothstack.com
1229	Stacey	Hurley	StaceyHurley@smoothstack.com
1230	Brian	Little	BrianLittle@smoothstack.com
1231	Joe	Cherry	JoeCherry@smoothstack.com
1232	Anthony	Walker	AnthonyWalker@smoothstack.com
1233	Deborah	Williams	DeborahWilliams@smoothstack.com
1234	Tonya	Hodge	TonyaHodge@smoothstack.com
1235	Brian	Richard	BrianRichard@smoothstack.com
1236	Renee	Ortiz	ReneeOrtiz@smoothstack.com
1237	Angela	Austin	AngelaAustin@smoothstack.com
1238	Rhonda	Bullock	RhondaBullock@smoothstack.com
1239	Oscar	Davis	OscarDavis@smoothstack.com
1240	Anna	Roberts	AnnaRoberts@smoothstack.com
1241	Audrey	Gonzales	AudreyGonzales@smoothstack.com
1242	Taylor	Alexander	TaylorAlexander@smoothstack.com
1243	Erika	Rodriguez	ErikaRodriguez@smoothstack.com
1245	James	Dougherty	JamesDougherty@smoothstack.com
1244	Jade	Ruiz	JadeRuiz@smoothstack.com
1246	Kelly	May	KellyMay@smoothstack.com
1247	Mallory	Kelley	MalloryKelley@smoothstack.com
1248	Katrina	Hurst	KatrinaHurst@smoothstack.com
1249	Andrea	Johnson	AndreaJohnson@smoothstack.com
1250	Frank	Novak	FrankNovak@smoothstack.com
1251	Taylor	Jones	TaylorJones@smoothstack.com
1252	David	Chen	DavidChen@smoothstack.com
1253	Jennifer	Ramirez	JenniferRamirez@smoothstack.com
1252	Tina	Ball	TinaBall@smoothstack.com
1254	Kristopher	Terry	KristopherTerry@smoothstack.com
1255	Kimberly	Thomas	KimberlyThomas@smoothstack.com
1256	Peter	Smith	PeterSmith@smoothstack.com
1257	Austin	Brown	AustinBrown@smoothstack.com
1258	Miranda	Baldwin	MirandaBaldwin@smoothstack.com
1259	Robert	Burton	RobertBurton@smoothstack.com
1260	Matthew	Randall	MatthewRandall@smoothstack.com
1261	Jessica	Wyatt	JessicaWyatt@smoothstack.com
1262	Cory	Collins	CoryCollins@smoothstack.com
1263	Mark	Silva	MarkSilva@smoothstack.com
1262	Lauren	Ramirez	LaurenRamirez@smoothstack.com
1264	Sara	Parker	SaraParker@smoothstack.com
1266	Virginia	Powell	VirginiaPowell@smoothstack.com
1265	Jasmin	Ramirez	JasminRamirez@smoothstack.com
1267	Suzanne	Lee	SuzanneLee@smoothstack.com
1268	Karen	Kennedy	KarenKennedy@smoothstack.com
1269	Jose	Alexander	JoseAlexander@smoothstack.com
1270	Benjamin	Becker	BenjaminBecker@smoothstack.com
1271	Joan	Morrison	JoanMorrison@smoothstack.com
1272	Barbara	Gomez	BarbaraGomez@smoothstack.com
1273	Sara	Brooks	SaraBrooks@smoothstack.com
1274	Margaret	Adams	MargaretAdams@smoothstack.com
1275	Herbert	Edwards	HerbertEdwards@smoothstack.com
1276	Erin	Anderson	ErinAnderson@smoothstack.com
1277	Donald	Lynch	DonaldLynch@smoothstack.com
1278	Alexandra	Garcia	AlexandraGarcia@smoothstack.com
1279	Dana	Jones	DanaJones@smoothstack.com
1280	Katie	Ortiz	KatieOrtiz@smoothstack.com
1281	Shirley	Vincent	ShirleyVincent@smoothstack.com
1282	Cindy	Ortiz	CindyOrtiz@smoothstack.com
1281	Larry	Allen	LarryAllen@smoothstack.com
1283	Melissa	Payne	MelissaPayne@smoothstack.com
1284	Christine	Ellison	ChristineEllison@smoothstack.com
1285	Priscilla	Lopez	PriscillaLopez@smoothstack.com
1286	Amber	Miller	AmberMiller@smoothstack.com
1287	Phillip	Winters	PhillipWinters@smoothstack.com
1288	Ashley	Williamson	AshleyWilliamson@smoothstack.com
1289	Leah	Rodriguez	LeahRodriguez@smoothstack.com
1290	John	Barnes	JohnBarnes@smoothstack.com
1291	Crystal	Ray	CrystalRay@smoothstack.com
1292	Kristen	Mccarthy	KristenMccarthy@smoothstack.com
1293	Richard	Dillon	RichardDillon@smoothstack.com
1294	Maurice	Collins	MauriceCollins@smoothstack.com
1295	Mary	Morris	MaryMorris@smoothstack.com
1296	Joseph	Parks	JosephParks@smoothstack.com
1297	Richard	Carroll	RichardCarroll@smoothstack.com
1298	Wesley	Clements	WesleyClements@smoothstack.com
1299	Joseph	Maxwell	JosephMaxwell@smoothstack.com
1301	Sarah	Bullock	SarahBullock@smoothstack.com
1300	David	Ferguson	DavidFerguson@smoothstack.com
1302	Shannon	Fuller	ShannonFuller@smoothstack.com
1303	David	Ochoa	DavidOchoa@smoothstack.com
1304	Christian	Hansen	ChristianHansen@smoothstack.com
1305	Julia	Clark	JuliaClark@smoothstack.com
1306	Christopher	Contreras	ChristopherContreras@smoothstack.com
1307	Victoria	Webb	VictoriaWebb@smoothstack.com
1308	Janet	Reid	JanetReid@smoothstack.com
1307	David	Mclean	DavidMclean@smoothstack.com
1309	Joseph	Lopez	JosephLopez@smoothstack.com
1310	Sean	Arellano	SeanArellano@smoothstack.com
1311	Mary	Hudson	MaryHudson@smoothstack.com
1312	Eric	Hanson	EricHanson@smoothstack.com
1313	Tyler	Love	TylerLove@smoothstack.com
1314	Gary	Lopez	GaryLopez@smoothstack.com
1315	Nicholas	Carson	NicholasCarson@smoothstack.com
1316	Danielle	Baker	DanielleBaker@smoothstack.com
1317	Rodney	Oliver	RodneyOliver@smoothstack.com
1318	Joel	Baker	JoelBaker@smoothstack.com
1319	Robert	Spencer	RobertSpencer@smoothstack.com
1320	Tamara	Morris	TamaraMorris@smoothstack.com
1321	Lisa	Hudson	LisaHudson@smoothstack.com
1322	Jay	Booker	JayBooker@smoothstack.com
1323	Monique	Ramos	MoniqueRamos@smoothstack.com
1324	Derrick	Orozco	DerrickOrozco@smoothstack.com
1325	Jill	Perkins	JillPerkins@smoothstack.com
1326	Heather	Ewing	HeatherEwing@smoothstack.com
1327	Jesus	Hayes	JesusHayes@smoothstack.com
1328	Julie	Parrish	JulieParrish@smoothstack.com
1329	Michael	Hutchinson	MichaelHutchinson@smoothstack.com
1330	Anthony	Johnson	AnthonyJohnson@smoothstack.com
1332	Gina	Grimes	GinaGrimes@smoothstack.com
1331	Carol	Russell	CarolRussell@smoothstack.com
1334	John	Brooks	JohnBrooks@smoothstack.com
1333	Steven	Rice	StevenRice@smoothstack.com
1335	Ronald	Daniels	RonaldDaniels@smoothstack.com
1336	Sean	Smith	SeanSmith@smoothstack.com
1337	Jeffrey	Anderson	JeffreyAnderson@smoothstack.com
1338	Elizabeth	Price	ElizabethPrice@smoothstack.com
1337	Kurt	Boyer	KurtBoyer@smoothstack.com
1339	Molly	Cook	MollyCook@smoothstack.com
1340	Karen	Meza	KarenMeza@smoothstack.com
1341	Brian	Rocha	BrianRocha@smoothstack.com
1342	Frances	Hopkins	FrancesHopkins@smoothstack.com
1343	Bryan	Cook	BryanCook@smoothstack.com
1344	Jacob	Hopkins	JacobHopkins@smoothstack.com
1345	Raymond	Thompson	RaymondThompson@smoothstack.com
1346	Justin	Gallegos	JustinGallegos@smoothstack.com
1347	Jennifer	Stewart	JenniferStewart@smoothstack.com
1349	Kelly	Holt	KellyHolt@smoothstack.com
1348	Kevin	Davis	KevinDavis@smoothstack.com
1350	Richard	Henson	RichardHenson@smoothstack.com
1351	Rachel	Kim	RachelKim@smoothstack.com
1352	Katrina	Blankenship	KatrinaBlankenship@smoothstack.com
1353	Jessica	Shepard	JessicaShepard@smoothstack.com
1354	Jorge	Dillon	JorgeDillon@smoothstack.com
1355	Nicholas	Ballard	NicholasBallard@smoothstack.com
1356	Joel	Woodard	JoelWoodard@smoothstack.com
1357	Colton	Morgan	ColtonMorgan@smoothstack.com
1358	Joseph	Daniels	JosephDaniels@smoothstack.com
1359	Kathryn	Mcdonald	KathrynMcdonald@smoothstack.com
1361	Matthew	Parker	MatthewParker@smoothstack.com
1360	Heather	Lane	HeatherLane@smoothstack.com
1362	Elizabeth	Ochoa	ElizabethOchoa@smoothstack.com
1363	Nicholas	Lee	NicholasLee@smoothstack.com
1364	Brenda	Odonnell	BrendaOdonnell@smoothstack.com
1365	Natalie	Moody	NatalieMoody@smoothstack.com
1366	Olivia	Burton	OliviaBurton@smoothstack.com
1365	Jared	Ware	JaredWare@smoothstack.com
1367	Richard	Bolton	RichardBolton@smoothstack.com
1368	Kimberly	Flores	KimberlyFlores@smoothstack.com
1369	Richard	Nelson	RichardNelson@smoothstack.com
1370	Russell	Ramos	RussellRamos@smoothstack.com
1371	Ray	Nunez	RayNunez@smoothstack.com
1372	Christina	Jenkins	ChristinaJenkins@smoothstack.com
1373	Carla	Cervantes	CarlaCervantes@smoothstack.com
1374	Lucas	Strong	LucasStrong@smoothstack.com
1375	Franklin	Guzman	FranklinGuzman@smoothstack.com
1376	Dustin	Buchanan	DustinBuchanan@smoothstack.com
1377	Christopher	Conway	ChristopherConway@smoothstack.com
1378	Erin	Lee	ErinLee@smoothstack.com
1377	Kim	Lopez	KimLopez@smoothstack.com
1379	Denise	Reilly	DeniseReilly@smoothstack.com
1380	Kaitlin	Jones	KaitlinJones@smoothstack.com
1381	Margaret	Bryant	MargaretBryant@smoothstack.com
1382	Aaron	Ross	AaronRoss@smoothstack.com
1383	Stephanie	Stevens	StephanieStevens@smoothstack.com
1382	Thomas	Bates	ThomasBates@smoothstack.com
1384	Patrick	Davenport	PatrickDavenport@smoothstack.com
1385	Donna	Allen	DonnaAllen@smoothstack.com
1386	Christopher	Valentine	ChristopherValentine@smoothstack.com
1387	Shane	Wong	ShaneWong@smoothstack.com
1386	Perry	Davis	PerryDavis@smoothstack.com
1388	John	Hanson	JohnHanson@smoothstack.com
1389	Gary	Smith	GarySmith@smoothstack.com
1390	Nicholas	Allen	NicholasAllen@smoothstack.com
1391	Lori	Ward	LoriWard@smoothstack.com
1392	Laura	Bowman	LauraBowman@smoothstack.com
1393	Michael	Carter	MichaelCarter@smoothstack.com
1394	Ryan	Sanchez	RyanSanchez@smoothstack.com
1395	Derek	Turner	DerekTurner@smoothstack.com
1396	Jeremy	Smith	JeremySmith@smoothstack.com
1396	Christine	Little	ChristineLittle@smoothstack.com
1397	John	Donovan	JohnDonovan@smoothstack.com
1398	Robert	Robinson	RobertRobinson@smoothstack.com
1399	Daniel	Martin	DanielMartin@smoothstack.com
1400	Crystal	Cain	CrystalCain@smoothstack.com
1401	Jessica	Smith	JessicaSmith@smoothstack.com
1402	Lee	Lucas	LeeLucas@smoothstack.com
1403	Brandon	Garcia	BrandonGarcia@smoothstack.com
1404	Catherine	Beck	CatherineBeck@smoothstack.com
1403	Christopher	Smith	ChristopherSmith@smoothstack.com
1405	Michelle	Davis	MichelleDavis@smoothstack.com
1406	Jennifer	Morris	JenniferMorris@smoothstack.com
1408	Lauren	Wallace	LaurenWallace@smoothstack.com
1407	Stephanie	Acevedo	StephanieAcevedo@smoothstack.com
1408	Jorge	Figueroa	JorgeFigueroa@smoothstack.com
1409	Brandon	Ross	BrandonRoss@smoothstack.com
1410	Sabrina	Odonnell	SabrinaOdonnell@smoothstack.com
1411	Mark	Robinson	MarkRobinson@smoothstack.com
1412	Claire	Norman	ClaireNorman@smoothstack.com
1413	Cheryl	Perez	CherylPerez@smoothstack.com
1414	Katherine	Burke	KatherineBurke@smoothstack.com
1415	Lori	Padilla	LoriPadilla@smoothstack.com
1416	Jesse	Smith	JesseSmith@smoothstack.com
1417	Jon	Mendoza	JonMendoza@smoothstack.com
1418	Karen	French	KarenFrench@smoothstack.com
1419	Christina	Campbell	ChristinaCampbell@smoothstack.com
1420	Richard	Davis	RichardDavis@smoothstack.com
1421	Trevor	Welch	TrevorWelch@smoothstack.com
1422	Samantha	Sanchez	SamanthaSanchez@smoothstack.com
1423	David	Garcia	DavidGarcia@smoothstack.com
1424	Tina	Lee	TinaLee@smoothstack.com
1425	Patricia	Reid	PatriciaReid@smoothstack.com
1426	Andrew	Gibbs	AndrewGibbs@smoothstack.com
1427	David	Giles	DavidGiles@smoothstack.com
1428	Charles	Harrison	CharlesHarrison@smoothstack.com
1429	Robert	Rogers	RobertRogers@smoothstack.com
1430	Christopher	Wallace	ChristopherWallace@smoothstack.com
1431	Caitlin	Murray	CaitlinMurray@smoothstack.com
1432	Robin	Holden	RobinHolden@smoothstack.com
1433	Eric	Davis	EricDavis@smoothstack.com
1434	Amanda	Green	AmandaGreen@smoothstack.com
1433	Katrina	Johnson	KatrinaJohnson@smoothstack.com
1435	Ryan	Graham	RyanGraham@smoothstack.com
1436	Cynthia	Schmidt	CynthiaSchmidt@smoothstack.com
1437	Scott	Butler	ScottButler@smoothstack.com
1438	Hannah	Vaughn	HannahVaughn@smoothstack.com
1439	Edward	Petersen	EdwardPetersen@smoothstack.com
1438	Helen	Webb	HelenWebb@smoothstack.com
1440	Nicholas	Burton	NicholasBurton@smoothstack.com
1441	William	Barnes	WilliamBarnes@smoothstack.com
1442	Tina	Sanchez	TinaSanchez@smoothstack.com
1443	Randall	Arnold	RandallArnold@smoothstack.com
1443	Dylan	Shepherd	DylanShepherd@smoothstack.com
1444	Rhonda	Kim	RhondaKim@smoothstack.com
1445	Paul	Simmons	PaulSimmons@smoothstack.com
1446	Richard	Robbins	RichardRobbins@smoothstack.com
1447	Dawn	Valdez	DawnValdez@smoothstack.com
1448	Richard	Cunningham	RichardCunningham@smoothstack.com
1449	Jacqueline	Warren	JacquelineWarren@smoothstack.com
1450	Denise	Estrada	DeniseEstrada@smoothstack.com
1451	Traci	Holden	TraciHolden@smoothstack.com
1452	Mary	Vaughn	MaryVaughn@smoothstack.com
1455	Lindsay	Long	LindsayLong@smoothstack.com
1453	James	Mills	JamesMills@smoothstack.com
1454	Mary	Pitts	MaryPitts@smoothstack.com
1456	Scott	Jackson	ScottJackson@smoothstack.com
1457	Don	Williams	DonWilliams@smoothstack.com
1458	Samuel	Stephens	SamuelStephens@smoothstack.com
1459	Jorge	Ramirez	JorgeRamirez@smoothstack.com
1460	Monica	Miles	MonicaMiles@smoothstack.com
1461	Richard	Torres	RichardTorres@smoothstack.com
1462	Michael	Andrews	MichaelAndrews@smoothstack.com
1463	Mary	Wells	MaryWells@smoothstack.com
1464	Kristen	Mills	KristenMills@smoothstack.com
1463	Alicia	Perez	AliciaPerez@smoothstack.com
1465	Alec	Williams	AlecWilliams@smoothstack.com
1466	Joseph	Perez	JosephPerez@smoothstack.com
1468	Darrell	Daniels	DarrellDaniels@smoothstack.com
1467	Jeffrey	May	JeffreyMay@smoothstack.com
1469	Brooke	Perez	BrookePerez@smoothstack.com
1470	Monica	Walls	MonicaWalls@smoothstack.com
1471	Travis	Fields	TravisFields@smoothstack.com
1472	Michael	Hernandez	MichaelHernandez@smoothstack.com
1473	Crystal	Bruce	CrystalBruce@smoothstack.com
1474	Austin	Wiley	AustinWiley@smoothstack.com
1475	Megan	Steele	MeganSteele@smoothstack.com
1476	Elizabeth	Conner	ElizabethConner@smoothstack.com
1477	Bryan	Williams	BryanWilliams@smoothstack.com
1478	Ashley	Lee	AshleyLee@smoothstack.com
1479	Edward	Cordova	EdwardCordova@smoothstack.com
1480	Michelle	Diaz	MichelleDiaz@smoothstack.com
1482	Jack	Fletcher	JackFletcher@smoothstack.com
1481	Robert	Flores	RobertFlores@smoothstack.com
1483	Christina	Ramirez	ChristinaRamirez@smoothstack.com
1484	Anthony	Villegas	AnthonyVillegas@smoothstack.com
1485	Andrew	Hicks	AndrewHicks@smoothstack.com
1483	John	Williams	JohnWilliams@smoothstack.com
1486	Bryan	Houston	BryanHouston@smoothstack.com
1487	Arthur	Warren	ArthurWarren@smoothstack.com
1488	Christy	Cunningham	ChristyCunningham@smoothstack.com
1489	Tammy	Cook	TammyCook@smoothstack.com
1490	Kelli	Brown	KelliBrown@smoothstack.com
1491	Sarah	Smith	SarahSmith@smoothstack.com
1492	Jeffrey	Ward	JeffreyWard@smoothstack.com
1493	Sheila	Coleman	SheilaColeman@smoothstack.com
1494	Stacy	Hinton	StacyHinton@smoothstack.com
1495	Richard	Williams	RichardWilliams@smoothstack.com
1496	Lisa	Tucker	LisaTucker@smoothstack.com
1497	Julie	Orr	JulieOrr@smoothstack.com
1498	Mary	Wright	MaryWright@smoothstack.com
1499	Kelly	Sloan	KellySloan@smoothstack.com
1500	Frederick	Clark	FrederickClark@smoothstack.com
1501	David	Sherman	DavidSherman@smoothstack.com
1502	Shannon	Smith	ShannonSmith@smoothstack.com
1503	Haley	Wilson	HaleyWilson@smoothstack.com
1504	Timothy	Roberts	TimothyRoberts@smoothstack.com
1505	Craig	Calhoun	CraigCalhoun@smoothstack.com
1506	Maureen	Mendoza	MaureenMendoza@smoothstack.com
1508	Erik	Black	ErikBlack@smoothstack.com
1506	Michael	Martin	MichaelMartin@smoothstack.com
1507	Dennis	Lutz	DennisLutz@smoothstack.com
1509	Daniel	Harris	DanielHarris@smoothstack.com
1510	Jessica	Hancock	JessicaHancock@smoothstack.com
1511	Howard	Lewis	HowardLewis@smoothstack.com
1512	Nichole	Ortega	NicholeOrtega@smoothstack.com
1514	Lori	Wheeler	LoriWheeler@smoothstack.com
1513	Shelly	Cruz	ShellyCruz@smoothstack.com
1515	Denise	Price	DenisePrice@smoothstack.com
1518	Johnny	Maldonado	JohnnyMaldonado@smoothstack.com
1516	James	Robbins	JamesRobbins@smoothstack.com
1518	Lisa	Jones	LisaJones@smoothstack.com
1517	Gregory	Hall	GregoryHall@smoothstack.com
1519	Cynthia	Carpenter	CynthiaCarpenter@smoothstack.com
1520	Christopher	Flores	ChristopherFlores@smoothstack.com
1521	Alexandra	Glass	AlexandraGlass@smoothstack.com
1522	Ernest	Henderson	ErnestHenderson@smoothstack.com
1523	Philip	Lynch	PhilipLynch@smoothstack.com
1524	Matthew	Cook	MatthewCook@smoothstack.com
1525	Michael	Shaw	MichaelShaw@smoothstack.com
1526	Katie	Frazier	KatieFrazier@smoothstack.com
1527	Joshua	Valdez	JoshuaValdez@smoothstack.com
1528	Sarah	Jones	SarahJones@smoothstack.com
1529	Matthew	Harrison	MatthewHarrison@smoothstack.com
1530	Randy	Chavez	RandyChavez@smoothstack.com
1531	Patricia	Nunez	PatriciaNunez@smoothstack.com
1532	Thomas	Jones	ThomasJones@smoothstack.com
1533	Thomas	Howard	ThomasHoward@smoothstack.com
1534	Jennifer	Edwards	JenniferEdwards@smoothstack.com
1535	Steven	Davila	StevenDavila@smoothstack.com
1536	James	Oconnor	JamesOconnor@smoothstack.com
1537	Jeremiah	Adams	JeremiahAdams@smoothstack.com
1539	Brian	Rivera	BrianRivera@smoothstack.com
1538	Amy	Palmer	AmyPalmer@smoothstack.com
1541	Shannon	Olson	ShannonOlson@smoothstack.com
1540	Ann	Tyler	AnnTyler@smoothstack.com
1542	Sandra	Johnson	SandraJohnson@smoothstack.com
1541	Scott	Harris	ScottHarris@smoothstack.com
1543	Kelsey	Jones	KelseyJones@smoothstack.com
1544	Jeffrey	Cuevas	JeffreyCuevas@smoothstack.com
1545	Sean	Grant	SeanGrant@smoothstack.com
1546	Melissa	Richardson	MelissaRichardson@smoothstack.com
1547	Blake	Gonzalez	BlakeGonzalez@smoothstack.com
1548	Isabella	Lewis	IsabellaLewis@smoothstack.com
1549	Shelley	Parker	ShelleyParker@smoothstack.com
1550	Arthur	Hanna	ArthurHanna@smoothstack.com
1551	Alison	Collins	AlisonCollins@smoothstack.com
1552	David	Thompson	DavidThompson@smoothstack.com
1553	Robert	Reyes	RobertReyes@smoothstack.com
1552	David	Eaton	DavidEaton@smoothstack.com
1555	Carrie	Aguilar	CarrieAguilar@smoothstack.com
1554	Jackson	Miller	JacksonMiller@smoothstack.com
1557	Eric	Wiggins	EricWiggins@smoothstack.com
1556	Stacy	Smith	StacySmith@smoothstack.com
1558	Abigail	Jenkins	AbigailJenkins@smoothstack.com
1559	Jeremiah	Arias	JeremiahArias@smoothstack.com
1560	Leah	Sparks	LeahSparks@smoothstack.com
1562	Mariah	Lucas	MariahLucas@smoothstack.com
1561	Victor	Bradley	VictorBradley@smoothstack.com
1563	Jeffrey	Hanson	JeffreyHanson@smoothstack.com
1564	Patricia	Nelson	PatriciaNelson@smoothstack.com
1565	Brian	Cannon	BrianCannon@smoothstack.com
1566	Eric	Smith	EricSmith@smoothstack.com
1567	Amanda	Austin	AmandaAustin@smoothstack.com
1568	Victoria	Fitzpatrick	VictoriaFitzpatrick@smoothstack.com
1570	Courtney	Bowen	CourtneyBowen@smoothstack.com
1569	Cassandra	Bell	CassandraBell@smoothstack.com
1571	Brian	Rios	BrianRios@smoothstack.com
1570	Gloria	Stout	GloriaStout@smoothstack.com
1572	Julia	Carroll	JuliaCarroll@smoothstack.com
1573	Shawn	Phillips	ShawnPhillips@smoothstack.com
1574	Kyle	Arellano	KyleArellano@smoothstack.com
1575	Teresa	Thompson	TeresaThompson@smoothstack.com
1576	Crystal	Taylor	CrystalTaylor@smoothstack.com
1577	Steven	Wells	StevenWells@smoothstack.com
1578	Jennifer	Mckinney	JenniferMckinney@smoothstack.com
1579	Jordan	Taylor	JordanTaylor@smoothstack.com
1581	Jennifer	Smith	JenniferSmith@smoothstack.com
1580	Carlos	Paul	CarlosPaul@smoothstack.com
1582	Daniel	White	DanielWhite@smoothstack.com
1583	Christine	Taylor	ChristineTaylor@smoothstack.com
1584	Tyler	Heath	TylerHeath@smoothstack.com
1585	Ryan	White	RyanWhite@smoothstack.com
1586	Alyssa	Stokes	AlyssaStokes@smoothstack.com
1587	Alexandra	Gomez	AlexandraGomez@smoothstack.com
1586	John	Martinez	JohnMartinez@smoothstack.com
1588	Linda	Mckinney	LindaMckinney@smoothstack.com
1589	William	Taylor	WilliamTaylor@smoothstack.com
1590	Desiree	Duncan	DesireeDuncan@smoothstack.com
1591	Joshua	Russell	JoshuaRussell@smoothstack.com
1592	Shelby	Davis	ShelbyDavis@smoothstack.com
1593	Christine	Fox	ChristineFox@smoothstack.com
1594	Abigail	Vincent	AbigailVincent@smoothstack.com
1595	Sabrina	Moreno	SabrinaMoreno@smoothstack.com
1596	Tiffany	Robles	TiffanyRobles@smoothstack.com
1597	Jeffrey	Miller	JeffreyMiller@smoothstack.com
1598	Allison	Sanchez	AllisonSanchez@smoothstack.com
1599	Cindy	Taylor	CindyTaylor@smoothstack.com
1600	Erica	Mills	EricaMills@smoothstack.com
1601	Andrew	Hebert	AndrewHebert@smoothstack.com
1602	David	Fowler	DavidFowler@smoothstack.com
1603	Ashley	Howard	AshleyHoward@smoothstack.com
1604	Emily	Mcdonald	EmilyMcdonald@smoothstack.com
1606	Lauren	Edwards	LaurenEdwards@smoothstack.com
1605	Anthony	Young	AnthonyYoung@smoothstack.com
1607	Patrick	Schneider	PatrickSchneider@smoothstack.com
1608	Karen	Henderson	KarenHenderson@smoothstack.com
1609	Benjamin	Robertson	BenjaminRobertson@smoothstack.com
1611	Erin	Jones	ErinJones@smoothstack.com
1610	Joseph	Maxwell	JosephMaxwell@smoothstack.com
1612	Lisa	Patton	LisaPatton@smoothstack.com
1613	Cindy	Jones	CindyJones@smoothstack.com
1614	Elizabeth	Johnston	ElizabethJohnston@smoothstack.com
1615	Katrina	Jones	KatrinaJones@smoothstack.com
1616	Charles	Ramos	CharlesRamos@smoothstack.com
1617	Donald	Snyder	DonaldSnyder@smoothstack.com
1618	Mary	Ruiz	MaryRuiz@smoothstack.com
1619	Rebecca	Clark	RebeccaClark@smoothstack.com
1618	Deborah	Guerra	DeborahGuerra@smoothstack.com
1620	Gina	Bennett	GinaBennett@smoothstack.com
1621	Christine	Johnson	ChristineJohnson@smoothstack.com
1622	Tyler	Peterson	TylerPeterson@smoothstack.com
1623	Lawrence	Bass	LawrenceBass@smoothstack.com
1624	Colin	Rangel	ColinRangel@smoothstack.com
1625	Matthew	George	MatthewGeorge@smoothstack.com
1624	Janet	Archer	JanetArcher@smoothstack.com
1626	Cheryl	Harris	CherylHarris@smoothstack.com
1627	Misty	Adams	MistyAdams@smoothstack.com
1628	Gerald	Richardson	GeraldRichardson@smoothstack.com
1629	Traci	Marshall	TraciMarshall@smoothstack.com
1630	David	Gonzales	DavidGonzales@smoothstack.com
1631	Jeffrey	Zimmerman	JeffreyZimmerman@smoothstack.com
1632	Caroline	Johnson	CarolineJohnson@smoothstack.com
1633	Natalie	Paul	NataliePaul@smoothstack.com
1634	Kimberly	Sanchez	KimberlySanchez@smoothstack.com
1635	Jesus	Farmer	JesusFarmer@smoothstack.com
1636	Aaron	Moon	AaronMoon@smoothstack.com
1637	Christopher	Johnson	ChristopherJohnson@smoothstack.com
1638	Michael	Rodriguez	MichaelRodriguez@smoothstack.com
1639	Edwin	Smith	EdwinSmith@smoothstack.com
1640	Patricia	Baker	PatriciaBaker@smoothstack.com
1641	Dwayne	Ramsey	DwayneRamsey@smoothstack.com
1642	Jason	Moran	JasonMoran@smoothstack.com
1643	Gilbert	Hicks	GilbertHicks@smoothstack.com
1644	Jamie	Delgado	JamieDelgado@smoothstack.com
1645	Michael	Kennedy	MichaelKennedy@smoothstack.com
1646	Todd	Smith	ToddSmith@smoothstack.com
1647	Anthony	Winters	AnthonyWinters@smoothstack.com
1648	Jennifer	Martinez	JenniferMartinez@smoothstack.com
1649	Todd	Miller	ToddMiller@smoothstack.com
1650	Brittney	Jones	BrittneyJones@smoothstack.com
1649	Timothy	Arnold	TimothyArnold@smoothstack.com
1651	Joseph	Hubbard	JosephHubbard@smoothstack.com
1652	Daniel	Clark	DanielClark@smoothstack.com
1654	Scott	Sullivan	ScottSullivan@smoothstack.com
1653	Carol	Harrison	CarolHarrison@smoothstack.com
1654	Alvin	Watson	AlvinWatson@smoothstack.com
1656	Traci	Ingram	TraciIngram@smoothstack.com
1655	Ryan	Williams	RyanWilliams@smoothstack.com
1657	Elizabeth	Martinez	ElizabethMartinez@smoothstack.com
1658	Jennifer	Clayton	JenniferClayton@smoothstack.com
1659	Ashley	White	AshleyWhite@smoothstack.com
1660	Erica	Howell	EricaHowell@smoothstack.com
1661	Mike	Russell	MikeRussell@smoothstack.com
1662	Sean	Harris	SeanHarris@smoothstack.com
1665	Kimberly	Herrera	KimberlyHerrera@smoothstack.com
1663	Lawrence	Brown	LawrenceBrown@smoothstack.com
1664	Samuel	Adams	SamuelAdams@smoothstack.com
1666	William	Martin	WilliamMartin@smoothstack.com
1668	Jessica	Ward	JessicaWard@smoothstack.com
1667	Debbie	Morales	DebbieMorales@smoothstack.com
1669	Christopher	Shaffer	ChristopherShaffer@smoothstack.com
1670	Douglas	Hardin	DouglasHardin@smoothstack.com
1671	Michaela	Clements	MichaelaClements@smoothstack.com
1672	Mary	Smith	MarySmith@smoothstack.com
1673	Linda	Brandt	LindaBrandt@smoothstack.com
1674	Brittany	Brown	BrittanyBrown@smoothstack.com
1675	Darren	Bond	DarrenBond@smoothstack.com
1676	Cynthia	Yates	CynthiaYates@smoothstack.com
1677	Margaret	Carrillo	MargaretCarrillo@smoothstack.com
1678	Jessica	Contreras	JessicaContreras@smoothstack.com
1679	Brian	Wagner	BrianWagner@smoothstack.com
1680	Michael	Riley	MichaelRiley@smoothstack.com
1681	Carl	Wright	CarlWright@smoothstack.com
1682	James	Porter	JamesPorter@smoothstack.com
1683	Cristina	Evans	CristinaEvans@smoothstack.com
1684	Jessica	Johnson	JessicaJohnson@smoothstack.com
1685	James	Kim	JamesKim@smoothstack.com
1686	Benjamin	Vasquez	BenjaminVasquez@smoothstack.com
1686	Maria	Williams	MariaWilliams@smoothstack.com
1687	Sara	Kelley	SaraKelley@smoothstack.com
1689	Joshua	Palmer	JoshuaPalmer@smoothstack.com
1688	Ruth	Sims	RuthSims@smoothstack.com
1690	Michael	Sullivan	MichaelSullivan@smoothstack.com
1691	Eric	Johnson	EricJohnson@smoothstack.com
1692	April	Moreno	AprilMoreno@smoothstack.com
1693	Jeremy	Cobb	JeremyCobb@smoothstack.com
1694	Kevin	Dawson	KevinDawson@smoothstack.com
1695	Daniel	Paul	DanielPaul@smoothstack.com
1697	Barry	Shaw	BarryShaw@smoothstack.com
1696	Monique	Harrison	MoniqueHarrison@smoothstack.com
1698	Stephanie	Silva	StephanieSilva@smoothstack.com
1699	Sarah	Ryan	SarahRyan@smoothstack.com
1700	Taylor	Davis	TaylorDavis@smoothstack.com
1701	Diane	Miller	DianeMiller@smoothstack.com
1702	Kimberly	Williams	KimberlyWilliams@smoothstack.com
1703	Stacie	Mccormick	StacieMccormick@smoothstack.com
1704	Holly	Martinez	HollyMartinez@smoothstack.com
1705	Stephanie	Murphy	StephanieMurphy@smoothstack.com
1706	Jonathan	Moran	JonathanMoran@smoothstack.com
1707	Steven	Torres	StevenTorres@smoothstack.com
1708	Charles	Rodriguez	CharlesRodriguez@smoothstack.com
1709	Catherine	Johnson	CatherineJohnson@smoothstack.com
1710	Michelle	Downs	MichelleDowns@smoothstack.com
1711	Stacey	Miller	StaceyMiller@smoothstack.com
1710	Jamie	Little	JamieLittle@smoothstack.com
1712	Debra	Carey	DebraCarey@smoothstack.com
1711	Stephanie	Williams	StephanieWilliams@smoothstack.com
1713	Jennifer	Castro	JenniferCastro@smoothstack.com
1714	Danny	Webb	DannyWebb@smoothstack.com
1715	Samuel	Rubio	SamuelRubio@smoothstack.com
1716	William	Branch	WilliamBranch@smoothstack.com
1717	Tonya	Bennett	TonyaBennett@smoothstack.com
1718	Russell	Page	RussellPage@smoothstack.com
1719	Thomas	Smith	ThomasSmith@smoothstack.com
1720	Kiara	Harris	KiaraHarris@smoothstack.com
1721	Trevor	Ferguson	TrevorFerguson@smoothstack.com
1722	Amanda	Mercer	AmandaMercer@smoothstack.com
1723	Aaron	Myers	AaronMyers@smoothstack.com
1724	Nancy	Brady	NancyBrady@smoothstack.com
1725	Cynthia	Holmes	CynthiaHolmes@smoothstack.com
1726	Wayne	Wilson	WayneWilson@smoothstack.com
1727	Brooke	Payne	BrookePayne@smoothstack.com
1728	Kimberly	Davis	KimberlyDavis@smoothstack.com
1729	Alejandro	Richards	AlejandroRichards@smoothstack.com
1730	Ryan	Washington	RyanWashington@smoothstack.com
1731	Andrew	Lane	AndrewLane@smoothstack.com
1732	Jake	Santos	JakeSantos@smoothstack.com
1733	Cynthia	Moss	CynthiaMoss@smoothstack.com
1734	Kevin	Gallegos	KevinGallegos@smoothstack.com
1735	Kenneth	Knight	KennethKnight@smoothstack.com
1736	Douglas	Hart	DouglasHart@smoothstack.com
1738	Anthony	Ramirez	AnthonyRamirez@smoothstack.com
1737	Justin	Perry	JustinPerry@smoothstack.com
1739	Andre	Blanchard	AndreBlanchard@smoothstack.com
1741	Amber	West	AmberWest@smoothstack.com
1740	Katie	Davis	KatieDavis@smoothstack.com
1742	Morgan	Frazier	MorganFrazier@smoothstack.com
1743	Joe	Stanton	JoeStanton@smoothstack.com
1744	David	Bowman	DavidBowman@smoothstack.com
1745	Reginald	Gonzales	ReginaldGonzales@smoothstack.com
1744	Gary	Russell	GaryRussell@smoothstack.com
1746	Randall	Barnes	RandallBarnes@smoothstack.com
1747	Russell	Ali	RussellAli@smoothstack.com
1748	David	Miller	DavidMiller@smoothstack.com
1749	Connor	Garner	ConnorGarner@smoothstack.com
1752	Erin	Kaufman	ErinKaufman@smoothstack.com
1750	Juan	Ellis	JuanEllis@smoothstack.com
1751	Dean	Lewis	DeanLewis@smoothstack.com
1753	David	Myers	DavidMyers@smoothstack.com
1755	Jake	Bell	JakeBell@smoothstack.com
1754	Marissa	Moore	MarissaMoore@smoothstack.com
1756	Isaac	Moore	IsaacMoore@smoothstack.com
1757	Michael	Silva	MichaelSilva@smoothstack.com
1758	Olivia	Hunter	OliviaHunter@smoothstack.com
1759	Emily	Maxwell	EmilyMaxwell@smoothstack.com
1760	James	Mcbride	JamesMcbride@smoothstack.com
1761	Patricia	Roth	PatriciaRoth@smoothstack.com
1762	Rebecca	Moon	RebeccaMoon@smoothstack.com
1763	David	Miller	DavidMiller@smoothstack.com
1764	Corey	Holland	CoreyHolland@smoothstack.com
1765	Elizabeth	Padilla	ElizabethPadilla@smoothstack.com
1766	Karen	Lawrence	KarenLawrence@smoothstack.com
1768	Lisa	Le	LisaLe@smoothstack.com
1767	Jonathan	Clark	JonathanClark@smoothstack.com
1769	Sharon	Richards	SharonRichards@smoothstack.com
1770	Ryan	Jones	RyanJones@smoothstack.com
1771	Debra	Reeves	DebraReeves@smoothstack.com
1772	Julie	Solomon	JulieSolomon@smoothstack.com
1773	Michael	Vargas	MichaelVargas@smoothstack.com
1774	Michael	Rosales	MichaelRosales@smoothstack.com
1775	Brandon	Boone	BrandonBoone@smoothstack.com
1776	Virginia	Castro	VirginiaCastro@smoothstack.com
1777	Joseph	Robinson	JosephRobinson@smoothstack.com
1778	Roberto	Hunt	RobertoHunt@smoothstack.com
1779	Cole	Mitchell	ColeMitchell@smoothstack.com
1780	Christy	Smith	ChristySmith@smoothstack.com
1781	Stephanie	Scott	StephanieScott@smoothstack.com
1782	James	Jones	JamesJones@smoothstack.com
1783	Pamela	Farrell	PamelaFarrell@smoothstack.com
1784	Valerie	Moreno	ValerieMoreno@smoothstack.com
1785	Cathy	Jones	CathyJones@smoothstack.com
1786	Theresa	Dillon	TheresaDillon@smoothstack.com
1787	John	Brown	JohnBrown@smoothstack.com
1788	Stephanie	Stevenson	StephanieStevenson@smoothstack.com
1789	Laura	Bryant	LauraBryant@smoothstack.com
1790	Alyssa	Nielsen	AlyssaNielsen@smoothstack.com
1791	Tammy	Hanson	TammyHanson@smoothstack.com
1792	Jason	Davidson	JasonDavidson@smoothstack.com
1793	Brittany	Martin	BrittanyMartin@smoothstack.com
1794	Heather	Keith	HeatherKeith@smoothstack.com
1795	Amanda	Taylor	AmandaTaylor@smoothstack.com
1796	Anne	Greene	AnneGreene@smoothstack.com
1797	Michael	Roberts	MichaelRoberts@smoothstack.com
1798	Max	Wilson	MaxWilson@smoothstack.com
1799	Ryan	Harris	RyanHarris@smoothstack.com
1800	Charles	Fitzgerald	CharlesFitzgerald@smoothstack.com
1801	Amanda	Douglas	AmandaDouglas@smoothstack.com
1802	David	Robinson	DavidRobinson@smoothstack.com
1804	Bryan	Anderson	BryanAnderson@smoothstack.com
1803	Christopher	Meza	ChristopherMeza@smoothstack.com
1805	Audrey	Chase	AudreyChase@smoothstack.com
1806	Danielle	Newman	DanielleNewman@smoothstack.com
1807	Stephen	Lowe	StephenLowe@smoothstack.com
1808	Elizabeth	Burns	ElizabethBurns@smoothstack.com
1809	John	Scott	JohnScott@smoothstack.com
1810	Bryan	Huber	BryanHuber@smoothstack.com
1813	Robert	Hill	RobertHill@smoothstack.com
1811	Kayla	Rice	KaylaRice@smoothstack.com
1812	Gregory	Richmond	GregoryRichmond@smoothstack.com
1814	Michael	Potter	MichaelPotter@smoothstack.com
1815	Jennifer	Ortiz	JenniferOrtiz@smoothstack.com
1816	Anita	Lopez	AnitaLopez@smoothstack.com
1819	Tina	Gray	TinaGray@smoothstack.com
1817	Cindy	Gallagher	CindyGallagher@smoothstack.com
1818	Amanda	Andrade	AmandaAndrade@smoothstack.com
1820	Andrea	Austin	AndreaAustin@smoothstack.com
1821	Samuel	Vasquez	SamuelVasquez@smoothstack.com
1822	Shelia	Cook	SheliaCook@smoothstack.com
1823	Becky	Russell	BeckyRussell@smoothstack.com
1824	Jessica	Wilson	JessicaWilson@smoothstack.com
1825	Misty	Larson	MistyLarson@smoothstack.com
1826	Elizabeth	Glover	ElizabethGlover@smoothstack.com
1827	Linda	Thomas	LindaThomas@smoothstack.com
1828	Linda	Norton	LindaNorton@smoothstack.com
1827	David	Woodward	DavidWoodward@smoothstack.com
1829	Jillian	Downs	JillianDowns@smoothstack.com
1831	Michael	Schwartz	MichaelSchwartz@smoothstack.com
1830	Cameron	Cochran	CameronCochran@smoothstack.com
1832	Kristina	Owen	KristinaOwen@smoothstack.com
1833	Victoria	Smith	VictoriaSmith@smoothstack.com
1834	Christopher	Marshall	ChristopherMarshall@smoothstack.com
1835	Lauren	Thompson	LaurenThompson@smoothstack.com
1837	Lisa	Sanchez	LisaSanchez@smoothstack.com
1836	Gina	Ortiz	GinaOrtiz@smoothstack.com
1837	Curtis	Smith	CurtisSmith@smoothstack.com
1838	Michelle	Gibson	MichelleGibson@smoothstack.com
1839	Rhonda	Meadows	RhondaMeadows@smoothstack.com
1840	Michelle	Shannon	MichelleShannon@smoothstack.com
1841	Nicholas	Pierce	NicholasPierce@smoothstack.com
1842	Adam	Chavez	AdamChavez@smoothstack.com
1844	David	Villarreal	DavidVillarreal@smoothstack.com
1843	Alexandra	Vargas	AlexandraVargas@smoothstack.com
1845	Jason	Pineda	JasonPineda@smoothstack.com
1846	Cory	Rose	CoryRose@smoothstack.com
1847	Victoria	Becker	VictoriaBecker@smoothstack.com
1848	Debra	Montoya	DebraMontoya@smoothstack.com
1849	David	Tate	DavidTate@smoothstack.com
1850	Mark	Ray	MarkRay@smoothstack.com
1851	Michelle	Valdez	MichelleValdez@smoothstack.com
1852	Cassandra	Perry	CassandraPerry@smoothstack.com
1853	Jeanne	Brown	JeanneBrown@smoothstack.com
1854	Tiffany	Ayala	TiffanyAyala@smoothstack.com
1855	Michael	Wallace	MichaelWallace@smoothstack.com
1854	Lori	Nixon	LoriNixon@smoothstack.com
1856	Kimberly	Pope	KimberlyPope@smoothstack.com
1857	Tyler	Smith	TylerSmith@smoothstack.com
1858	Paul	Lester	PaulLester@smoothstack.com
1859	Ian	Lee	IanLee@smoothstack.com
1860	Sherry	Dominguez	SherryDominguez@smoothstack.com
1861	Brian	Swanson	BrianSwanson@smoothstack.com
1862	Kevin	Myers	KevinMyers@smoothstack.com
1863	Christina	Horn	ChristinaHorn@smoothstack.com
1864	Gina	Fletcher	GinaFletcher@smoothstack.com
1865	Allison	Herring	AllisonHerring@smoothstack.com
1865	William	Raymond	WilliamRaymond@smoothstack.com
1866	Virginia	Contreras	VirginiaContreras@smoothstack.com
1867	Peter	Lopez	PeterLopez@smoothstack.com
1868	Bradley	Payne	BradleyPayne@smoothstack.com
1869	Matthew	Garrison	MatthewGarrison@smoothstack.com
1870	Karen	Butler	KarenButler@smoothstack.com
1871	Todd	Barnes	ToddBarnes@smoothstack.com
1872	Sara	Hawkins	SaraHawkins@smoothstack.com
1874	Steven	Hamilton	StevenHamilton@smoothstack.com
1873	Kelli	Hernandez	KelliHernandez@smoothstack.com
1875	Anthony	Lewis	AnthonyLewis@smoothstack.com
1876	Christopher	Delgado	ChristopherDelgado@smoothstack.com
1877	Brandi	Smith	BrandiSmith@smoothstack.com
1878	Kathleen	Mccarty	KathleenMccarty@smoothstack.com
1879	Victor	Whitehead	VictorWhitehead@smoothstack.com
1880	Stephanie	Mullins	StephanieMullins@smoothstack.com
1881	Scott	Brown	ScottBrown@smoothstack.com
1882	Aaron	Carroll	AaronCarroll@smoothstack.com
1883	Robert	Bennett	RobertBennett@smoothstack.com
1884	Lisa	Gordon	LisaGordon@smoothstack.com
1885	Destiny	Hall	DestinyHall@smoothstack.com
1886	James	Moss	JamesMoss@smoothstack.com
1887	Christina	Rodriguez	ChristinaRodriguez@smoothstack.com
1886	Jennifer	Thompson	JenniferThompson@smoothstack.com
1888	Nicholas	Sandoval	NicholasSandoval@smoothstack.com
1889	Autumn	Griffin	AutumnGriffin@smoothstack.com
1890	Jeffrey	Roach	JeffreyRoach@smoothstack.com
1891	Wesley	Smith	WesleySmith@smoothstack.com
1892	Jason	Bryant	JasonBryant@smoothstack.com
1893	Sarah	Jordan	SarahJordan@smoothstack.com
1894	Russell	Hale	RussellHale@smoothstack.com
1895	Renee	Gates	ReneeGates@smoothstack.com
1896	Jennifer	Joyce	JenniferJoyce@smoothstack.com
1897	Daniel	Goodwin	DanielGoodwin@smoothstack.com
1896	David	Patel	DavidPatel@smoothstack.com
1898	Timothy	Howard	TimothyHoward@smoothstack.com
1900	Christine	Hall	ChristineHall@smoothstack.com
1899	David	Hanson	DavidHanson@smoothstack.com
1901	Christopher	Henderson	ChristopherHenderson@smoothstack.com
1901	Jessica	Turner	JessicaTurner@smoothstack.com
1903	Denise	Rivera	DeniseRivera@smoothstack.com
1902	Tara	Powell	TaraPowell@smoothstack.com
1904	Frederick	Dickson	FrederickDickson@smoothstack.com
1905	David	Smith	DavidSmith@smoothstack.com
1906	Marvin	Jones	MarvinJones@smoothstack.com
1907	Sean	Jackson	SeanJackson@smoothstack.com
1908	Nicole	Walker	NicoleWalker@smoothstack.com
1909	Matthew	Arnold	MatthewArnold@smoothstack.com
1910	Lisa	Allen	LisaAllen@smoothstack.com
1911	Matthew	Leon	MatthewLeon@smoothstack.com